% Pendules couplés  |  Laboratoire de physique  |  hepia
% 25-Nov-2025 09:36:19
%
% Temps (s),Angle 1 (rad),Angle 2 (rad),Angle 3 (rad)
0,0,0,-0.227765467
0.008,0,0,-0.227765467
0.016,0,0,-0.227765467
0.024,0,0,-0.227765467
0.032,0,0,-0.227765467
0.04,0,0,-0.227765467
0.048,0,0,-0.227765467
0.056,0,0,-0.227765467
0.064,0,0,-0.227765467
0.072,0,0,-0.227765467
0.08,0,0,-0.227765467
0.088,0,0,-0.227765467
0.096,0,0,-0.227765467
0.104,0,0,-0.227765467
0.112,0,0,-0.227765467
0.12,0,0,-0.227765467
0.128,0,0,-0.227765467
0.136,0,0,-0.227765467
0.144,0,0,-0.227765467
0.152,0,0,-0.227765467
0.16,0,0,-0.227765467
0.168,0,0,-0.227765467
0.176,0,0,-0.227765467
0.184,0,0,-0.227765467
0.192,0,0,-0.227765467
0.2,0,0,-0.227765467
0.208,0,0,-0.227765467
0.216,0,0,-0.227765467
0.224,0,0,-0.227765467
0.232,0,0,-0.227765467
0.24,0,0,-0.227765467
0.248,0,0,-0.227765467
0.256,0,0,-0.227765467
0.264,0,0,-0.227765467
0.272,0,0,-0.227765467
0.28,0,0,-0.227765467
0.288,0,0,-0.227765467
0.296,0,0,-0.227765467
0.304,0,0,-0.227765467
0.312,0,0,-0.227765467
0.32,0,0,-0.227765467
0.328,0,0,-0.227765467
0.336,0,0,-0.227765467
0.344,0,0,-0.227765467
0.352,0,0,-0.227765467
0.36,0,0,-0.227765467
0.368,0,0,-0.227765467
0.376,0,0,-0.227765467
0.384,0,0,-0.227765467
0.392,0,0,-0.227765467
0.4,0,0,-0.227765467
0.408,0,0,-0.227765467
0.416,0,0,-0.227765467
0.424,0,0,-0.227765467
0.432,0,0,-0.227765467
0.44,0,0,-0.227765467
0.448,0,0,-0.227765467
0.456,0,0,-0.227765467
0.464,0,0,-0.227765467
0.472,0,0,-0.227765467
0.48,0,0,-0.227765467
0.488,0,0,-0.227765467
0.496,0,0,-0.227765467
0.504,0,0,-0.227765467
0.512,0,0,-0.227765467
0.52,0,0,-0.227765467
0.528,0,0,-0.227765467
0.536,0,0,-0.227765467
0.544,0,0,-0.227765467
0.552,0,0,-0.227765467
0.56,0,0,-0.227765467
0.568,0,0,-0.227765467
0.576,0,0,-0.227765467
0.584,0,0,-0.227765467
0.592,0,0,-0.227765467
0.6,0,0,-0.227765467
0.608,0,0,-0.226194671
0.616,0,0,-0.226194671
0.624,0,0,-0.226194671
0.632,0,0,-0.226194671
0.64,0,0,-0.226194671
0.648,0,0,-0.226194671
0.656,0,0,-0.226194671
0.664,0,0,-0.226194671
0.672,0,0,-0.226194671
0.68,0,0,-0.226194671
0.688,0,0,-0.226194671
0.696,0,0,-0.226194671
0.704,0,0,-0.226194671
0.712,0,0,-0.226194671
0.72,0,0,-0.226194671
0.728,0,0,-0.226194671
0.736,0,0,-0.226194671
0.744,0,0,-0.226194671
0.752,0,0,-0.226194671
0.76,0,0,-0.226194671
0.768,0,0,-0.226194671
0.776,0,0,-0.226194671
0.784,0,0,-0.226194671
0.792,0,0,-0.226194671
0.8,0,0,-0.226194671
0.808,0,0,-0.226194671
0.816,0,0,-0.226194671
0.824,0,0,-0.226194671
0.832,0,0,-0.226194671
0.84,0,0,-0.226194671
0.848,0,0,-0.226194671
0.856,0,0,-0.226194671
0.864,0,0,-0.226194671
0.872,0,0,-0.226194671
0.88,0,0,-0.226194671
0.888,0,0,-0.226194671
0.896,0,0,-0.226194671
0.904,0,0,-0.226194671
0.912,0,0,-0.226194671
0.92,0,0,-0.226194671
0.928,0,0,-0.226194671
0.936,0,0,-0.226194671
0.944,0,0,-0.226194671
0.952,0,0,-0.226194671
0.96,0,0,-0.226194671
0.968,0,0,-0.226194671
0.976,0,0,-0.226194671
0.984,0,0,-0.226194671
0.992,0,0,-0.226194671
1,0,0,-0.226194671
1.008,0,0,-0.226194671
1.016,0,0,-0.226194671
1.024,0,0,-0.226194671
1.032,0,0,-0.226194671
1.04,0,0,-0.226194671
1.048,0,0,-0.226194671
1.056,0,0,-0.226194671
1.064,0,0,-0.226194671
1.072,0,0,-0.226194671
1.08,0,0,-0.226194671
1.088,0,0,-0.226194671
1.096,0,0,-0.226194671
1.104,0,0,-0.226194671
1.112,0,0,-0.226194671
1.12,0,0,-0.226194671
1.128,0,0,-0.226194671
1.136,0,0,-0.226194671
1.144,0,0,-0.226194671
1.152,0,0,-0.226194671
1.16,0,0,-0.226194671
1.168,0,0,-0.226194671
1.176,0,0,-0.226194671
1.184,0,0,-0.226194671
1.192,0,0,-0.226194671
1.2,0,0,-0.226194671
1.208,0,0,-0.226194671
1.216,0,0,-0.224623875
1.224,0,0,-0.224623875
1.232,0,0,-0.223053078
1.24,0,0,-0.221482282
1.248,0,0,-0.218340689
1.256,0,0,-0.215199097
1.264,0,0,-0.2136283
1.272,0,0,-0.208915911
1.28,0,0,-0.205774319
1.288,0,0,-0.20106193
1.296,0,0,-0.196349541
1.304,0,0,-0.191637152
1.312,0,0,-0.185353967
1.32,0,0,-0.179070781
1.328,0,0,-0.172787596
1.336,0,0,-0.166504411
1.344,0,0,-0.158650429
1.352,0,0,-0.150796447
1.36,0,0,-0.142942466
1.368,0,0,-0.135088484
1.376,0,0,-0.125663706
1.384,0,0,-0.117809725
1.392,0,0,-0.108384947
1.4,0,0,-0.0989601686
1.408,0,0,-0.0895353906
1.416,0,0,-0.0785398163
1.424,0,0,-0.0691150384
1.432,0,0,-0.0581194641
1.44,0,0,-0.0486946861
1.448,0,0,-0.0376991118
1.456,0,0,-0.0267035376
1.464,0,0,-0.0172787596
1.472,0,0,-0.00628318531
1.48,0,0,0.00471238898
1.488,0,0,0.0157079633
1.496,0,0,0.0267035376
1.504,0,0,0.0361283155
1.512,0,0,0.0471238898
1.52,0,0,0.0581194641
1.528,0,0,0.0675442421
1.536,0,0,0.0785398163
1.544,0,0,0.0879645943
1.552,0,0,0.0973893723
1.56,0,0,0.10681415
1.568,0,0,0.116238928
1.576,0,0,0.125663706
1.584,0,0,0.133517688
1.592,0,0,0.142942466
1.6,0,0,0.150796447
1.608,0,0,0.158650429
1.616,0,0,0.164933614
1.624,0,0,0.172787596
1.632,0,0,0.179070781
1.64,0,0,0.185353967
1.648,0,0,0.190066356
1.656,0,0,0.196349541
1.664,0,0,0.20106193
1.672,0,0,0.205774319
1.68,0,0,0.208915911
1.688,0,0,0.212057504
1.696,0,0,0.215199097
1.704,0,0,0.218340689
1.712,0,0,0.219911486
1.72,0,0,0.221482282
1.728,0,0,0.221482282
1.736,0,0,0.223053078
1.744,0,0,0.223053078
1.752,0,0,0.221482282
1.76,0,0,0.219911486
1.768,0,0,0.219911486
1.776,0,0,0.216769893
1.784,0,0,0.215199097
1.792,0,0,0.212057504
1.8,0,0,0.207345115
1.808,0,0,0.204203522
1.816,0,0,0.199491134
1.824,0,0,0.194778745
1.832,0,0,0.188495559
1.84,0,0,0.18378317
1.848,0,0,0.177499985
1.856,0,0,0.169646003
1.864,0,0,0.163362818
1.872,0,0,0.155508836
1.88,0,0,0.147654855
1.888,0,0,0.139800873
1.896,0,0,0.131946891
1.904,0,0,0.122522113
1.912,0,0,0.113097336
1.92,0,0,0.103672558
1.928,0,0,0.0942477796
1.936,0,0,0.0848230016
1.944,0,0,0.0753982237
1.952,0,0,0.0659734457
1.96,0,0,0.0549778714
1.968,0,0,0.0439822972
1.976,0,0,0.0345575192
1.984,0,0,0.0235619449
1.992,0,0,0.0125663706
2,0,0,0.00314159265
2.008,0,0,-0.00785398163
2.016,0,0,-0.0188495559
2.024,0,0,-0.0282743339
2.032,0,0,-0.0392699082
2.04,0,0,-0.0502654825
2.048,0,0,-0.0596902604
2.056,0,0,-0.0706858347
2.064,0,0,-0.0801106127
2.072,0,0,-0.0895353906
2.08,0,0,-0.0989601686
2.088,0,0,-0.108384947
2.096,0,0,-0.117809725
2.104,0,0,-0.127234502
2.112,0,0,-0.135088484
2.12,0,0,-0.142942466
2.128,0,0,-0.150796447
2.136,0,0,-0.158650429
2.144,0,0,-0.164933614
2.152,0,0,-0.172787596
2.16,0,0,-0.179070781
2.168,0,0,-0.185353967
2.176,0,0,-0.190066356
2.184,0,0,-0.194778745
2.192,0,0,-0.199491134
2.2,0,0,-0.204203522
2.208,0,0,-0.207345115
2.216,0,0,-0.210486708
2.224,0,0,-0.2136283
2.232,0,0,-0.215199097
2.24,0,0,-0.218340689
2.248,0,0,-0.218340689
2.256,0,0,-0.219911486
2.264,0,0,-0.219911486
2.272,0,0,-0.218340689
2.28,0,0,-0.218340689
2.288,0,0,-0.215199097
2.296,0,0,-0.215199097
2.304,0,0,-0.2136283
2.312,0,0,-0.210486708
2.32,0,0,-0.207345115
2.328,0,0,-0.204203522
2.336,0,0,-0.199491134
2.344,0,0,-0.194778745
2.352,0,0,-0.190066356
2.36,0,0,-0.18378317
2.368,0,0,-0.179070781
2.376,0,0,-0.172787596
2.384,0,0,-0.164933614
2.392,0,0,-0.158650429
2.4,0,0,-0.150796447
2.408,0,0,-0.142942466
2.416,0,0,-0.135088484
2.424,0,0,-0.125663706
2.432,0,0,-0.117809725
2.44,0,0,-0.108384947
2.448,0,0,-0.0989601686
2.456,0,0,-0.0895353906
2.464,0,0,-0.0801106127
2.472,0,0,-0.0706858347
2.48,0,0,-0.0596902604
2.488,0,0,-0.0502654825
2.496,0,0,-0.0392699082
2.504,0,0,-0.0298451302
2.512,0,0,-0.0188495559
2.52,0,0,-0.00785398163
2.528,0,0,0.00314159265
2.536,0,0,0.0125663706
2.544,0,0,0.0235619449
2.552,0,0,0.0345575192
2.56,0,0,0.0439822972
2.568,0,0,0.0549778714
2.576,0,0,0.0644026494
2.584,0,0,0.0738274274
2.592,0,0,0.0848230016
2.6,0,0,0.0942477796
2.608,0,0,0.103672558
2.616,0,0,0.113097336
2.624,0,0,0.120951317
2.632,0,0,0.130376095
2.64,0,0,0.138230077
2.648,0,0,0.146084058
2.656,0,0,0.15393804
2.664,0,0,0.161792022
2.672,0,0,0.168075207
2.68,0,0,0.174358392
2.688,0,0,0.180641578
2.696,0,0,0.186924763
2.704,0,0,0.191637152
2.712,0,0,0.196349541
2.72,0,0,0.20106193
2.728,0,0,0.205774319
2.736,0,0,0.208915911
2.744,0,0,0.212057504
2.752,0,0,0.215199097
2.76,0,0,0.216769893
2.768,0,0,0.218340689
2.776,0,0,0.219911486
2.784,0,0,0.219911486
2.792,0,0,0.219911486
2.8,0,0,0.218340689
2.808,0,0,0.218340689
2.816,0,0,0.216769893
2.824,0,0,0.215199097
2.832,0,0,0.212057504
2.84,0,0,0.208915911
2.848,0,0,0.205774319
2.856,0,0,0.202632726
2.864,0,0,0.197920337
2.872,0,0,0.193207948
2.88,0,0,0.188495559
2.888,0,0,0.182212374
2.896,0,0,0.175929189
2.904,0,0,0.169646003
2.912,0,0,0.163362818
2.92,0,0,0.155508836
2.928,0,0,0.147654855
2.936,0,0,0.139800873
2.944,0,0,0.131946891
2.952,0,0,0.12409291
2.96,0,0,0.114668132
2.968,0,0,0.105243354
2.976,0,0,0.0958185759
2.984,0,0,0.086393798
2.992,0,0,0.07696902
3,0,0,0.0675442421
3.008,0,0,0.0565486678
3.016,0,0,0.0471238898
3.024,0,0,0.0361283155
3.032,0,0,0.0267035376
3.04,0,0,0.0157079633
3.048,0,0,0.00628318531
3.056,0,0,-0.00471238898
3.064,0,0,-0.0157079633
3.072,0,0,-0.0251327412
3.08,0,0,-0.0361283155
3.088,0,0,-0.0471238898
3.096,0,0,-0.0565486678
3.104,0,0,-0.0659734457
3.112,0,0,-0.07696902
3.12,0,0,-0.086393798
3.128,0,0,-0.0958185759
3.136,0,0,-0.105243354
3.144,0,0,-0.113097336
3.152,0,0,-0.122522113
3.16,0,0,-0.130376095
3.168,0,0,-0.139800873
3.176,0,0,-0.147654855
3.184,0,0,-0.15393804
3.192,0,0,-0.161792022
3.2,0,0,-0.168075207
3.208,0,0,-0.174358392
3.216,0,0,-0.180641578
3.224,0,0,-0.186924763
3.232,0,0,-0.191637152
3.24,0,0,-0.196349541
3.248,0,0,-0.199491134
3.256,0,0,-0.204203522
3.264,0,0,-0.207345115
3.272,0,0,-0.210486708
3.28,0,0,-0.212057504
3.288,0,0,-0.2136283
3.296,0,0,-0.215199097
3.304,0,0,-0.216769893
3.312,0,0,-0.216769893
3.32,0,0,-0.215199097
3.328,0,0,-0.215199097
3.336,0,0,-0.215199097
3.344,0,0,-0.2136283
3.352,0,0,-0.212057504
3.36,0,0,-0.208915911
3.368,0,0,-0.205774319
3.376,0,0,-0.202632726
3.384,0,0,-0.197920337
3.392,0,0,-0.193207948
3.4,0,0,-0.188495559
3.408,0,0,-0.18378317
3.416,0,0,-0.177499985
3.424,0,0,-0.1712168
3.432,0,0,-0.164933614
3.44,0,0,-0.158650429
3.448,0,0,-0.150796447
3.456,0,0,-0.142942466
3.464,0,0,-0.135088484
3.472,0,0,-0.127234502
3.48,0,0,-0.117809725
3.488,0,0,-0.109955743
3.496,0,0,-0.100530965
3.504,0,0,-0.091106187
3.512,0,0,-0.081681409
3.52,0,0,-0.072256631
3.528,0,0,-0.0612610567
3.536,0,0,-0.0518362788
3.544,0,0,-0.0424115008
3.552,0,0,-0.0314159265
3.56,0,0,-0.0204203522
3.568,0,0,-0.0109955743
3.576,0,0,-0
3.584,0,0,0.00942477796
3.592,0,0,0.0204203522
3.6,0,0,0.0314159265
3.608,0,0,0.0408407045
3.616,0,0,0.0518362788
3.624,0,0,0.0612610567
3.632,0,0,0.0706858347
3.64,0,0,0.0801106127
3.648,0,0,0.0895353906
3.656,0,0,0.0989601686
3.664,0,0,0.108384947
3.672,0,0,0.117809725
3.68,0,0,0.125663706
3.688,0,0,0.135088484
3.696,0,0,0.142942466
3.704,0,0,0.150796447
3.712,0,0,0.157079633
3.72,0,0,0.164933614
3.728,0,0,0.1712168
3.736,0,0,0.177499985
3.744,0,0,0.182212374
3.752,0,0,0.188495559
3.76,0,0,0.193207948
3.768,0,0,0.197920337
3.776,0,0,0.20106193
3.784,0,0,0.205774319
3.792,0,0,0.208915911
3.8,0,0,0.210486708
3.808,0,0,0.2136283
3.816,0,0,0.215199097
3.824,0,0,0.216769893
3.832,0,0,0.216769893
3.84,0,0,0.216769893
3.848,0,0,0.215199097
3.856,0,0,0.215199097
3.864,0,0,0.215199097
3.872,0,0,0.212057504
3.88,0,0,0.210486708
3.888,0,0,0.207345115
3.896,0,0,0.204203522
3.904,0,0,0.20106193
3.912,0,0,0.196349541
3.92,0,0,0.191637152
3.928,0,0,0.186924763
3.936,0,0,0.182212374
3.944,0,0,0.175929189
3.952,0,0,0.169646003
3.96,0,0,0.163362818
3.968,0,0,0.155508836
3.976,0,0,0.149225651
3.984,0,0,0.141371669
3.992,0,0,0.133517688
4,0,0,0.12409291
4.008,0,0,0.116238928
4.016,0,0,0.10681415
4.024,0,0,0.0973893723
4.032,0,0,0.0879645943
4.04,0,0,0.0785398163
4.048,0,0,0.0691150384
4.056,0,0,0.0596902604
4.064,0,0,0.0486946861
4.072,0,0,0.0392699082
4.08,0,0,0.0298451302
4.088,0,0,0.0188495559
4.096,0,0,0.00785398163
4.104,0,0,-0.00157079633
4.112,0,0,-0.0125663706
4.12,0,0,-0.0219911486
4.128,0,0,-0.0329867229
4.136,0,0,-0.0424115008
4.144,0,0,-0.0534070751
4.152,0,0,-0.0628318531
4.16,0,0,-0.072256631
4.168,0,0,-0.081681409
4.176,0,0,-0.091106187
4.184,0,0,-0.100530965
4.192,0,0,-0.109955743
4.2,0,0,-0.117809725
4.208,0,0,-0.127234502
4.216,0,0,-0.135088484
4.224,0,0,-0.142942466
4.232,0,0,-0.150796447
4.24,0,0,-0.157079633
4.248,0,0,-0.164933614
4.256,0,0,-0.1712168
4.264,0,0,-0.175929189
4.272,0,0,-0.182212374
4.28,0,0,-0.188495559
4.288,0,0,-0.193207948
4.296,0,0,-0.196349541
4.304,0,0,-0.20106193
4.312,0,0,-0.204203522
4.32,0,0,-0.207345115
4.328,0,0,-0.208915911
4.336,0,0,-0.212057504
4.344,0,0,-0.212057504
4.352,0,0,-0.2136283
4.36,0,0,-0.2136283
4.368,0,0,-0.2136283
4.376,0,0,-0.212057504
4.384,0,0,-0.212057504
4.392,0,0,-0.210486708
4.4,0,0,-0.208915911
4.408,0,0,-0.205774319
4.416,0,0,-0.204203522
4.424,0,0,-0.199491134
4.432,0,0,-0.196349541
4.44,0,0,-0.191637152
4.448,0,0,-0.186924763
4.456,0,0,-0.182212374
4.464,0,0,-0.175929189
4.472,0,0,-0.169646003
4.48,0,0,-0.163362818
4.488,0,0,-0.157079633
4.496,0,0,-0.149225651
4.504,0,0,-0.142942466
4.512,0,0,-0.135088484
4.52,0,0,-0.127234502
4.528,0,0,-0.117809725
4.536,0,0,-0.109955743
4.544,0,0,-0.100530965
4.552,0,0,-0.091106187
4.56,0,0,-0.081681409
4.568,0,0,-0.072256631
4.576,0,0,-0.0628318531
4.584,0,0,-0.0534070751
4.592,0,0,-0.0424115008
4.6,0,0,-0.0329867229
4.608,0,0,-0.0219911486
4.616,0,0,-0.0125663706
4.624,0,0,-0.00157079633
4.632,0,0,0.00785398163
4.64,0,0,0.0188495559
4.648,0,0,0.0282743339
4.656,0,0,0.0392699082
4.664,0,0,0.0486946861
4.672,0,0,0.0581194641
4.68,0,0,0.0691150384
4.688,0,0,0.0785398163
4.696,0,0,0.0879645943
4.704,0,0,0.0973893723
4.712,0,0,0.105243354
4.72,0,0,0.114668132
4.728,0,0,0.122522113
4.736,0,0,0.131946891
4.744,0,0,0.139800873
4.752,0,0,0.146084058
4.76,0,0,0.15393804
4.768,0,0,0.161792022
4.776,0,0,0.168075207
4.784,0,0,0.174358392
4.792,0,0,0.179070781
4.8,0,0,0.185353967
4.808,0,0,0.190066356
4.816,0,0,0.194778745
4.824,0,0,0.197920337
4.832,0,0,0.202632726
4.84,0,0,0.205774319
4.848,0,0,0.207345115
4.856,0,0,0.210486708
4.864,0,0,0.212057504
4.872,0,0,0.2136283
4.88,0,0,0.2136283
4.888,0,0,0.2136283
4.896,0,0,0.212057504
4.904,0,0,0.212057504
4.912,0,0,0.212057504
4.92,0,0,0.210486708
4.928,0,0,0.208915911
4.936,0,0,0.205774319
4.944,0,0,0.202632726
4.952,0,0,0.199491134
4.96,0,0,0.194778745
4.968,0,0,0.190066356
4.976,0,0,0.185353967
4.984,0,0,0.180641578
4.992,0,0,0.174358392
5,0,0,0.168075207
5.008,0,0,0.161792022
5.016,0,0,0.155508836
5.024,0,0,0.147654855
5.032,0,0,0.139800873
5.04,0,0,0.131946891
5.048,0,0,0.12409291
5.056,0,0,0.116238928
5.064,0,0,0.10681415
5.072,0,0,0.0989601686
5.08,0,0,0.0895353906
5.088,0,0,0.0801106127
5.096,0,0,0.0706858347
5.104,0,0,0.0596902604
5.112,0,0,0.0502654825
5.12,0,0,0.0408407045
5.128,0,0,0.0298451302
5.136,0,0,0.0204203522
5.144,0,0,0.0109955743
5.152,0,0,-0
5.16,0,0,-0.00942477796
5.168,0,0,-0.0204203522
5.176,0,0,-0.0298451302
5.184,0,0,-0.0408407045
5.192,0,0,-0.0502654825
5.2,0,0,-0.0596902604
5.208,0,0,-0.0691150384
5.216,0,0,-0.0785398163
5.224,0,0,-0.0879645943
5.232,0,0,-0.0973893723
5.24,0,0,-0.10681415
5.248,0,0,-0.114668132
5.256,0,0,-0.12409291
5.264,0,0,-0.131946891
5.272,0,0,-0.139800873
5.28,0,0,-0.147654855
5.288,0,0,-0.15393804
5.296,0,0,-0.160221225
5.304,0,0,-0.166504411
5.312,0,0,-0.172787596
5.32,0,0,-0.179070781
5.328,0,0,-0.18378317
5.336,0,0,-0.188495559
5.344,0,0,-0.193207948
5.352,0,0,-0.196349541
5.36,0,0,-0.20106193
5.368,0,0,-0.202632726
5.376,0,0,-0.205774319
5.384,0,0,-0.207345115
5.392,0,0,-0.208915911
5.4,0,0,-0.210486708
5.408,0,0,-0.210486708
5.416,0,0,-0.210486708
5.424,0,0,-0.208915911
5.432,0,0,-0.208915911
5.44,0,0,-0.208915911
5.448,0,0,-0.207345115
5.456,0,0,-0.204203522
5.464,0,0,-0.20106193
5.472,0,0,-0.197920337
5.48,0,0,-0.194778745
5.488,0,0,-0.190066356
5.496,0,0,-0.186924763
5.504,0,0,-0.180641578
5.512,0,0,-0.175929189
5.52,0,0,-0.169646003
5.528,0,0,-0.163362818
5.536,0,0,-0.157079633
5.544,0,0,-0.150796447
5.552,0,0,-0.142942466
5.56,0,0,-0.135088484
5.568,0,0,-0.127234502
5.576,0,0,-0.119380521
5.584,0,0,-0.109955743
5.592,0,0,-0.102101761
5.6,0,0,-0.0926769833
5.608,0,0,-0.0832522053
5.616,0,0,-0.0738274274
5.624,0,0,-0.0644026494
5.632,0,0,-0.0549778714
5.64,0,0,-0.0455530935
5.648,0,0,-0.0361283155
5.656,0,0,-0.0251327412
5.664,0,0,-0.0157079633
5.672,0,0,-0.00471238898
5.68,0,0,0.00471238898
5.688,0,0,0.0157079633
5.696,0,0,0.0251327412
5.704,0,0,0.0345575192
5.712,0,0,0.0455530935
5.72,0,0,0.0549778714
5.728,0,0,0.0644026494
5.736,0,0,0.0738274274
5.744,0,0,0.0832522053
5.752,0,0,0.0926769833
5.76,0,0,0.102101761
5.768,0,0,0.109955743
5.776,0,0,0.119380521
5.784,0,0,0.127234502
5.792,0,0,0.135088484
5.8,0,0,0.142942466
5.808,0,0,0.149225651
5.816,0,0,0.157079633
5.824,0,0,0.163362818
5.832,0,0,0.169646003
5.84,0,0,0.175929189
5.848,0,0,0.180641578
5.856,0,0,0.185353967
5.864,0,0,0.190066356
5.872,0,0,0.194778745
5.88,0,0,0.197920337
5.888,0,0,0.20106193
5.896,0,0,0.204203522
5.904,0,0,0.207345115
5.912,0,0,0.208915911
5.92,0,0,0.210486708
5.928,0,0,0.210486708
5.936,0,0,0.210486708
5.944,0,0,0.208915911
5.952,0,0,0.208915911
5.96,0,0,0.208915911
5.968,0,0,0.208915911
5.976,0,0,0.205774319
5.984,0,0,0.204203522
5.992,0,0,0.20106193
6,0,0,0.197920337
6.008,0,0,0.193207948
6.016,0,0,0.190066356
6.024,0,0,0.185353967
6.032,0,0,0.179070781
6.04,0,0,0.174358392
6.048,0,0,0.168075207
6.056,0,0,0.161792022
6.064,0,0,0.155508836
6.072,0,0,0.147654855
6.08,0,0,0.141371669
6.088,0,0,0.133517688
6.096,0,0,0.125663706
6.104,0,0,0.116238928
6.112,0,0,0.108384947
6.12,0,0,0.0989601686
6.128,0,0,0.091106187
6.136,0,0,0.081681409
6.144,0,0,0.072256631
6.152,0,0,0.0628318531
6.16,0,0,0.0534070751
6.168,0,0,0.0424115008
6.176,0,0,0.0329867229
6.184,0,0,0.0235619449
6.192,0,0,0.0125663706
6.2,0,0,0.00314159265
6.208,0,0,-0.00628318531
6.216,0,0,-0.0172787596
6.224,0,0,-0.0267035376
6.232,0,0,-0.0376991118
6.24,0,0,-0.0471238898
6.248,0,0,-0.0565486678
6.256,0,0,-0.0659734457
6.264,0,0,-0.0753982237
6.272,0,0,-0.0848230016
6.28,0,0,-0.0942477796
6.288,0,0,-0.102101761
6.296,0,0,-0.111526539
6.304,0,0,-0.119380521
6.312,0,0,-0.127234502
6.32,0,0,-0.135088484
6.328,0,0,-0.142942466
6.336,0,0,-0.150796447
6.344,0,0,-0.157079633
6.352,0,0,-0.163362818
6.36,0,0,-0.169646003
6.368,0,0,-0.174358392
6.376,0,0,-0.180641578
6.384,0,0,-0.185353967
6.392,0,0,-0.190066356
6.4,0,0,-0.193207948
6.408,0,0,-0.196349541
6.416,0,0,-0.199491134
6.424,0,0,-0.202632726
6.432,0,0,-0.204203522
6.44,0,0,-0.205774319
6.448,0,0,-0.207345115
6.456,0,0,-0.208915911
6.464,0,0,-0.208915911
6.472,0,0,-0.207345115
6.48,0,0,-0.207345115
6.488,0,0,-0.205774319
6.496,0,0,-0.204203522
6.504,0,0,-0.202632726
6.512,0,0,-0.199491134
6.52,0,0,-0.196349541
6.528,0,0,-0.193207948
6.536,0,0,-0.190066356
6.544,0,0,-0.185353967
6.552,0,0,-0.180641578
6.56,0,0,-0.174358392
6.568,0,0,-0.169646003
6.576,0,0,-0.163362818
6.584,0,0,-0.157079633
6.592,0,0,-0.150796447
6.6,0,0,-0.142942466
6.608,0,0,-0.135088484
6.616,0,0,-0.127234502
6.624,0,0,-0.119380521
6.632,0,0,-0.111526539
6.64,0,0,-0.103672558
6.648,0,0,-0.0942477796
6.656,0,0,-0.0848230016
6.664,0,0,-0.0753982237
6.672,0,0,-0.0659734457
6.68,0,0,-0.0565486678
6.688,0,0,-0.0471238898
6.696,0,0,-0.0376991118
6.704,0,0,-0.0282743339
6.712,0,0,-0.0172787596
6.72,0,0,-0.00785398163
6.728,0,0,0.00157079633
6.736,0,0,0.0125663706
6.744,0,0,0.0219911486
6.752,0,0,0.0314159265
6.76,0,0,0.0424115008
6.768,0,0,0.0518362788
6.776,0,0,0.0612610567
6.784,0,0,0.0706858347
6.792,0,0,0.0801106127
6.8,0,0,0.0895353906
6.808,0,0,0.0973893723
6.816,0,0,0.10681415
6.824,0,0,0.114668132
6.832,0,0,0.122522113
6.84,0,0,0.130376095
6.848,0,0,0.138230077
6.856,0,0,0.146084058
6.864,0,0,0.152367244
6.872,0,0,0.160221225
6.88,0,0,0.166504411
6.888,0,0,0.1712168
6.896,0,0,0.177499985
6.904,0,0,0.182212374
6.912,0,0,0.186924763
6.92,0,0,0.191637152
6.928,0,0,0.194778745
6.936,0,0,0.197920337
6.944,0,0,0.20106193
6.952,0,0,0.202632726
6.96,0,0,0.205774319
6.968,0,0,0.207345115
6.976,0,0,0.207345115
6.984,0,0,0.208915911
6.992,0,0,0.208915911
7,0,0,0.207345115
7.008,0,0,0.207345115
7.016,0,0,0.205774319
7.024,0,0,0.204203522
7.032,0,0,0.20106193
7.04,0,0,0.199491134
7.048,0,0,0.196349541
7.056,0,0,0.191637152
7.064,0,0,0.188495559
7.072,0,0,0.18378317
7.08,0,0,0.179070781
7.088,0,0,0.172787596
7.096,0,0,0.166504411
7.104,0,0,0.161792022
7.112,0,0,0.15393804
7.12,0,0,0.147654855
7.128,0,0,0.141371669
7.136,0,0,0.133517688
7.144,0,0,0.125663706
7.152,0,0,0.117809725
7.16,0,0,0.108384947
7.168,0,0,0.100530965
7.176,0,0,0.091106187
7.184,0,0,0.0832522053
7.192,0,0,0.0738274274
7.2,0,0,0.0644026494
7.208,0,0,0.0549778714
7.216,0,0,0.0455530935
7.224,0,0,0.0345575192
7.232,0,0,0.0251327412
7.24,0,0,0.0157079633
7.248,0,0,0.00628318531
7.256,0,0,-0.00471238898
7.264,0,0,-0.0141371669
7.272,0,0,-0.0235619449
7.28,0,0,-0.0345575192
7.288,0,0,-0.0439822972
7.296,0,0,-0.0534070751
7.304,0,0,-0.0628318531
7.312,0,0,-0.072256631
7.32,0,0,-0.081681409
7.328,0,0,-0.091106187
7.336,0,0,-0.0989601686
7.344,0,0,-0.108384947
7.352,0,0,-0.116238928
7.36,0,0,-0.12409291
7.368,0,0,-0.131946891
7.376,0,0,-0.139800873
7.384,0,0,-0.146084058
7.392,0,0,-0.152367244
7.4,0,0,-0.158650429
7.408,0,0,-0.164933614
7.416,0,0,-0.1712168
7.424,0,0,-0.175929189
7.432,0,0,-0.180641578
7.44,0,0,-0.185353967
7.448,0,0,-0.190066356
7.456,0,0,-0.193207948
7.464,0,0,-0.196349541
7.472,0,0,-0.199491134
7.48,0,0,-0.20106193
7.488,0,0,-0.202632726
7.496,0,0,-0.204203522
7.504,0,0,-0.205774319
7.512,0,0,-0.205774319
7.52,0,0,-0.204203522
7.528,0,0,-0.204203522
7.536,0,0,-0.204203522
7.544,0,0,-0.202632726
7.552,0,0,-0.20106193
7.56,0,0,-0.197920337
7.568,0,0,-0.194778745
7.576,0,0,-0.191637152
7.584,0,0,-0.188495559
7.592,0,0,-0.18378317
7.6,0,0,-0.179070781
7.608,0,0,-0.174358392
7.616,0,0,-0.168075207
7.624,0,0,-0.161792022
7.632,0,0,-0.157079633
7.64,0,0,-0.149225651
7.648,0,0,-0.142942466
7.656,0,0,-0.135088484
7.664,0,0,-0.128805299
7.672,0,0,-0.120951317
7.68,0,0,-0.111526539
7.688,0,0,-0.103672558
7.696,0,0,-0.0958185759
7.704,0,0,-0.086393798
7.712,0,0,-0.07696902
7.72,0,0,-0.0675442421
7.728,0,0,-0.0581194641
7.736,0,0,-0.0486946861
7.744,0,0,-0.0392699082
7.752,0,0,-0.0298451302
7.76,0,0,-0.0204203522
7.768,0,0,-0.0109955743
7.776,0,0,-0
7.784,0,0,0.00942477796
7.792,0,0,0.0188495559
7.8,0,0,0.0282743339
7.808,0,0,0.0392699082
7.816,0,0,0.0486946861
7.824,0,0,0.0581194641
7.832,0,0,0.0675442421
7.84,0,0,0.07696902
7.848,0,0,0.0848230016
7.856,0,0,0.0942477796
7.864,0,0,0.102101761
7.872,0,0,0.111526539
7.88,0,0,0.119380521
7.888,0,0,0.127234502
7.896,0,0,0.135088484
7.904,0,0,0.141371669
7.912,0,0,0.149225651
7.92,0,0,0.155508836
7.928,0,0,0.161792022
7.936,0,0,0.168075207
7.944,0,0,0.172787596
7.952,0,0,0.177499985
7.96,0,0,0.182212374
7.968,0,0,0.186924763
7.976,0,0,0.190066356
7.984,0,0,0.194778745
7.992,0,0,0.197920337
8,0,0,0.199491134
8.008,0,0,0.20106193
8.016,0,0,0.202632726
8.024,0,0,0.204203522
8.032,0,0,0.204203522
8.04,0,0,0.205774319
8.048,0,0,0.205774319
8.056,0,0,0.204203522
8.064,0,0,0.202632726
8.072,0,0,0.20106193
8.08,0,0,0.199491134
8.088,0,0,0.196349541
8.096,0,0,0.193207948
8.104,0,0,0.190066356
8.112,0,0,0.185353967
8.12,0,0,0.182212374
8.128,0,0,0.177499985
8.136,0,0,0.1712168
8.144,0,0,0.166504411
8.152,0,0,0.160221225
8.16,0,0,0.15393804
8.168,0,0,0.147654855
8.176,0,0,0.139800873
8.184,0,0,0.133517688
8.192,0,0,0.125663706
8.2,0,0,0.117809725
8.208,0,0,0.109955743
8.216,0,0,0.100530965
8.224,0,0,0.0926769833
8.232,0,0,0.0832522053
8.24,0,0,0.0738274274
8.248,0,0,0.0659734457
8.256,0,0,0.0565486678
8.264,0,0,0.0471238898
8.272,0,0,0.0376991118
8.28,0,0,0.0267035376
8.288,0,0,0.0172787596
8.296,0,0,0.00785398163
8.304,0,0,-0.00157079633
8.312,0,0,-0.0109955743
8.32,0,0,-0.0219911486
8.328,0,0,-0.0314159265
8.336,0,0,-0.0408407045
8.344,0,0,-0.0502654825
8.352,0,0,-0.0596902604
8.36,0,0,-0.0691150384
8.368,0,0,-0.0785398163
8.376,0,0,-0.086393798
8.384,0,0,-0.0958185759
8.392,0,0,-0.103672558
8.4,0,0,-0.111526539
8.408,0,0,-0.120951317
8.416,0,0,-0.127234502
8.424,0,0,-0.135088484
8.432,0,0,-0.142942466
8.44,0,0,-0.149225651
8.448,0,0,-0.155508836
8.456,0,0,-0.161792022
8.464,0,0,-0.168075207
8.472,0,0,-0.172787596
8.48,0,0,-0.177499985
8.488,0,0,-0.182212374
8.496,0,0,-0.185353967
8.504,0,0,-0.190066356
8.512,0,0,-0.193207948
8.52,0,0,-0.196349541
8.528,0,0,-0.197920337
8.536,0,0,-0.199491134
8.544,0,0,-0.20106193
8.552,0,0,-0.202632726
8.56,0,0,-0.202632726
8.568,0,0,-0.202632726
8.576,0,0,-0.20106193
8.584,0,0,-0.20106193
8.592,0,0,-0.199491134
8.6,0,0,-0.197920337
8.608,0,0,-0.194778745
8.616,0,0,-0.193207948
8.624,0,0,-0.190066356
8.632,0,0,-0.185353967
8.64,0,0,-0.182212374
8.648,0,0,-0.177499985
8.656,0,0,-0.172787596
8.664,0,0,-0.166504411
8.672,0,0,-0.161792022
8.68,0,0,-0.155508836
8.688,0,0,-0.149225651
8.696,0,0,-0.142942466
8.704,0,0,-0.135088484
8.712,0,0,-0.127234502
8.72,0,0,-0.120951317
8.728,0,0,-0.113097336
8.736,0,0,-0.103672558
8.744,0,0,-0.0958185759
8.752,0,0,-0.086393798
8.76,0,0,-0.0785398163
8.768,0,0,-0.0691150384
8.776,0,0,-0.0596902604
8.784,0,0,-0.0502654825
8.792,0,0,-0.0408407045
8.8,0,0,-0.0314159265
8.808,0,0,-0.0219911486
8.816,0,0,-0.0125663706
8.824,0,0,-0.00314159265
8.832,0,0,0.00785398163
8.84,0,0,0.0172787596
8.848,0,0,0.0267035376
8.856,0,0,0.0361283155
8.864,0,0,0.0455530935
8.872,0,0,0.0549778714
8.88,0,0,0.0644026494
8.888,0,0,0.0738274274
8.896,0,0,0.081681409
8.904,0,0,0.091106187
8.912,0,0,0.0989601686
8.92,0,0,0.108384947
8.928,0,0,0.116238928
8.936,0,0,0.12409291
8.944,0,0,0.131946891
8.952,0,0,0.138230077
8.96,0,0,0.146084058
8.968,0,0,0.152367244
8.976,0,0,0.158650429
8.984,0,0,0.164933614
8.992,0,0,0.169646003
9,0,0,0.174358392
9.008,0,0,0.179070781
9.016,0,0,0.18378317
9.024,0,0,0.186924763
9.032,0,0,0.191637152
9.04,0,0,0.194778745
9.048,0,0,0.196349541
9.056,0,0,0.197920337
9.064,0,0,0.20106193
9.072,0,0,0.20106193
9.08,0,0,0.202632726
9.088,0,0,0.202632726
9.096,0,0,0.202632726
9.104,0,0,0.20106193
9.112,0,0,0.20106193
9.12,0,0,0.199491134
9.128,0,0,0.196349541
9.136,0,0,0.194778745
9.144,0,0,0.191637152
9.152,0,0,0.188495559
9.16,0,0,0.185353967
9.168,0,0,0.180641578
9.176,0,0,0.175929189
9.184,0,0,0.1712168
9.192,0,0,0.164933614
9.2,0,0,0.160221225
9.208,0,0,0.15393804
9.216,0,0,0.147654855
9.224,0,0,0.139800873
9.232,0,0,0.133517688
9.24,0,0,0.125663706
9.248,0,0,0.117809725
9.256,0,0,0.109955743
9.264,0,0,0.102101761
9.272,0,0,0.0926769833
9.28,0,0,0.0848230016
9.288,0,0,0.0753982237
9.296,0,0,0.0659734457
9.304,0,0,0.0581194641
9.312,0,0,0.0486946861
9.32,0,0,0.0392699082
9.328,0,0,0.0298451302
9.336,0,0,0.0204203522
9.344,0,0,0.00942477796
9.352,0,0,-0
9.36,0,0,-0.00942477796
9.368,0,0,-0.0188495559
9.376,0,0,-0.0282743339
9.384,0,0,-0.0376991118
9.392,0,0,-0.0471238898
9.4,0,0,-0.0565486678
9.408,0,0,-0.0659734457
9.416,0,0,-0.0753982237
9.424,0,0,-0.0832522053
9.432,0,0,-0.0926769833
9.44,0,0,-0.100530965
9.448,0,0,-0.108384947
9.456,0,0,-0.116238928
9.464,0,0,-0.12409291
9.472,0,0,-0.131946891
9.48,0,0,-0.138230077
9.488,0,0,-0.146084058
9.496,0,0,-0.152367244
9.504,0,0,-0.158650429
9.512,0,0,-0.163362818
9.52,0,0,-0.169646003
9.528,0,0,-0.174358392
9.536,0,0,-0.179070781
9.544,0,0,-0.182212374
9.552,0,0,-0.186924763
9.56,0,0,-0.190066356
9.568,0,0,-0.191637152
9.576,0,0,-0.194778745
9.584,0,0,-0.196349541
9.592,0,0,-0.197920337
9.6,0,0,-0.199491134
9.608,0,0,-0.199491134
9.616,0,0,-0.199491134
9.624,0,0,-0.197920337
9.632,0,0,-0.197920337
9.64,0,0,-0.197920337
9.648,0,0,-0.196349541
9.656,0,0,-0.193207948
9.664,0,0,-0.191637152
9.672,0,0,-0.188495559
9.68,0,0,-0.185353967
9.688,0,0,-0.180641578
9.696,0,0,-0.175929189
9.704,0,0,-0.1712168
9.712,0,0,-0.166504411
9.72,0,0,-0.161792022
9.728,0,0,-0.155508836
9.736,0,0,-0.149225651
9.744,0,0,-0.142942466
9.752,0,0,-0.13665928
9.76,0,0,-0.128805299
9.768,0,0,-0.120951317
9.776,0,0,-0.113097336
9.784,0,0,-0.105243354
9.792,0,0,-0.0973893723
9.8,0,0,-0.0895353906
9.808,0,0,-0.0801106127
9.816,0,0,-0.0706858347
9.824,0,0,-0.0628318531
9.832,0,0,-0.0534070751
9.84,0,0,-0.0439822972
9.848,0,0,-0.0345575192
9.856,0,0,-0.0251327412
9.864,0,0,-0.0157079633
9.872,0,0,-0.00628318531
9.88,0,0,0.00314159265
9.888,0,0,0.0125663706
9.896,0,0,0.0219911486
9.904,0,0,0.0329867229
9.912,0,0,0.0408407045
9.92,0,0,0.0502654825
9.928,0,0,0.0596902604
9.936,0,0,0.0691150384
9.944,0,0,0.0785398163
9.952,0,0,0.086393798
9.96,0,0,0.0958185759
9.968,0,0,0.103672558
9.976,0,0,0.111526539
9.984,0,0,0.119380521
9.992,0,0,0.127234502
10,0,0,0.133517688
10.008,0,0,0.141371669
10.016,0,0,0.147654855
10.024,0,0,0.15393804
10.032,0,0,0.160221225
10.04,0,0,0.164933614
10.048,0,0,0.1712168
10.056,0,0,0.175929189
10.064,0,0,0.179070781
10.072,0,0,0.18378317
10.08,0,0,0.186924763
10.088,0,0,0.190066356
10.096,0,0,0.193207948
10.104,0,0,0.194778745
10.112,0,0,0.196349541
10.12,0,0,0.197920337
10.128,0,0,0.199491134
10.136,0,0,0.199491134
10.144,0,0,0.197920337
10.152,0,0,0.197920337
10.16,0,0,0.197920337
10.168,0,0,0.196349541
10.176,0,0,0.194778745
10.184,0,0,0.193207948
10.192,0,0,0.190066356
10.2,0,0,0.186924763
10.208,0,0,0.18378317
10.216,0,0,0.179070781
10.224,0,0,0.174358392
10.232,0,0,0.169646003
10.24,0,0,0.164933614
10.248,0,0,0.158650429
10.256,0,0,0.15393804
10.264,0,0,0.147654855
10.272,0,0,0.139800873
10.28,0,0,0.133517688
10.288,0,0,0.125663706
10.296,0,0,0.119380521
10.304,0,0,0.111526539
10.312,0,0,0.102101761
10.32,0,0,0.0942477796
10.328,0,0,0.086393798
10.336,0,0,0.07696902
10.344,0,0,0.0691150384
10.352,0,0,0.0596902604
10.36,0,0,0.0502654825
10.368,0,0,0.0408407045
10.376,0,0,0.0314159265
10.384,0,0,0.0219911486
10.392,0,0,0.0125663706
10.4,0,0,0.00314159265
10.408,0,0,-0.00628318531
10.416,0,0,-0.0157079633
10.424,0,0,-0.0251327412
10.432,0,0,-0.0345575192
10.44,0,0,-0.0439822972
10.448,0,0,-0.0534070751
10.456,0,0,-0.0612610567
10.464,0,0,-0.0706858347
10.472,0,0,-0.0801106127
10.48,0,0,-0.0879645943
10.488,0,0,-0.0973893723
10.496,0,0,-0.105243354
10.504,0,0,-0.113097336
10.512,0,0,-0.120951317
10.52,0,0,-0.127234502
10.528,0,0,-0.135088484
10.536,0,0,-0.141371669
10.544,0,0,-0.147654855
10.552,0,0,-0.15393804
10.56,0,0,-0.160221225
10.568,0,0,-0.164933614
10.576,0,0,-0.169646003
10.584,0,0,-0.174358392
10.592,0,0,-0.179070781
10.6,0,0,-0.182212374
10.608,0,0,-0.185353967
10.616,0,0,-0.188495559
10.624,0,0,-0.191637152
10.632,0,0,-0.193207948
10.64,0,0,-0.194778745
10.648,0,0,-0.196349541
10.656,0,0,-0.196349541
10.664,0,0,-0.196349541
10.672,0,0,-0.194778745
10.68,0,0,-0.194778745
10.688,0,0,-0.194778745
10.696,0,0,-0.193207948
10.704,0,0,-0.191637152
10.712,0,0,-0.188495559
10.72,0,0,-0.185353967
10.728,0,0,-0.182212374
10.736,0,0,-0.179070781
10.744,0,0,-0.174358392
10.752,0,0,-0.169646003
10.76,0,0,-0.164933614
10.768,0,0,-0.160221225
10.776,0,0,-0.15393804
10.784,0,0,-0.147654855
10.792,0,0,-0.141371669
10.8,0,0,-0.135088484
10.808,0,0,-0.128805299
10.816,0,0,-0.120951317
10.824,0,0,-0.113097336
10.832,0,0,-0.105243354
10.84,0,0,-0.0973893723
10.848,0,0,-0.0895353906
10.856,0,0,-0.0801106127
10.864,0,0,-0.072256631
10.872,0,0,-0.0628318531
10.88,0,0,-0.0534070751
10.888,0,0,-0.0455530935
10.896,0,0,-0.0361283155
10.904,0,0,-0.0267035376
10.912,0,0,-0.0172787596
10.92,0,0,-0.00785398163
10.928,0,0,0.00157079633
10.936,0,0,0.0109955743
10.944,0,0,0.0204203522
10.952,0,0,0.0298451302
10.96,0,0,0.0392699082
10.968,0,0,0.0486946861
10.976,0,0,0.0581194641
10.984,0,0,0.0659734457
10.992,0,0,0.0753982237
11,0,0,0.0832522053
11.008,0,0,0.0926769833
11.016,0,0,0.100530965
11.024,0,0,0.108384947
11.032,0,0,0.116238928
11.04,0,0,0.12409291
11.048,0,0,0.130376095
11.056,0,0,0.138230077
11.064,0,0,0.144513262
11.072,0,0,0.150796447
11.08,0,0,0.157079633
11.088,0,0,0.161792022
11.096,0,0,0.166504411
11.104,0,0,0.1712168
11.112,0,0,0.175929189
11.12,0,0,0.180641578
11.128,0,0,0.18378317
11.136,0,0,0.186924763
11.144,0,0,0.190066356
11.152,0,0,0.191637152
11.16,0,0,0.193207948
11.168,0,0,0.194778745
11.176,0,0,0.196349541
11.184,0,0,0.196349541
11.192,0,0,0.196349541
11.2,0,0,0.194778745
11.208,0,0,0.194778745
11.216,0,0,0.194778745
11.224,0,0,0.193207948
11.232,0,0,0.190066356
11.24,0,0,0.188495559
11.248,0,0,0.185353967
11.256,0,0,0.180641578
11.264,0,0,0.177499985
11.272,0,0,0.172787596
11.28,0,0,0.168075207
11.288,0,0,0.163362818
11.296,0,0,0.158650429
11.304,0,0,0.152367244
11.312,0,0,0.146084058
11.32,0,0,0.139800873
11.328,0,0,0.133517688
11.336,0,0,0.125663706
11.344,0,0,0.117809725
11.352,0,0,0.111526539
11.36,0,0,0.103672558
11.368,0,0,0.0942477796
11.376,0,0,0.086393798
11.384,0,0,0.0785398163
11.392,0,0,0.0691150384
11.4,0,0,0.0596902604
11.408,0,0,0.0518362788
11.416,0,0,0.0424115008
11.424,0,0,0.0329867229
11.432,0,0,0.0235619449
11.44,0,0,0.0141371669
11.448,0,0,0.00471238898
11.456,0,0,-0.00471238898
11.464,0,0,-0.0141371669
11.472,0,0,-0.0235619449
11.48,0,0,-0.0314159265
11.488,0,0,-0.0408407045
11.496,0,0,-0.0502654825
11.504,0,0,-0.0596902604
11.512,0,0,-0.0675442421
11.52,0,0,-0.07696902
11.528,0,0,-0.0848230016
11.536,0,0,-0.0942477796
11.544,0,0,-0.102101761
11.552,0,0,-0.109955743
11.56,0,0,-0.117809725
11.568,0,0,-0.12409291
11.576,0,0,-0.131946891
11.584,0,0,-0.138230077
11.592,0,0,-0.144513262
11.6,0,0,-0.150796447
11.608,0,0,-0.157079633
11.616,0,0,-0.161792022
11.624,0,0,-0.166504411
11.632,0,0,-0.1712168
11.64,0,0,-0.175929189
11.648,0,0,-0.179070781
11.656,0,0,-0.182212374
11.664,0,0,-0.185353967
11.672,0,0,-0.188495559
11.68,0,0,-0.190066356
11.688,0,0,-0.191637152
11.696,0,0,-0.193207948
11.704,0,0,-0.193207948
11.712,0,0,-0.194778745
11.72,0,0,-0.194778745
11.728,0,0,-0.193207948
11.736,0,0,-0.191637152
11.744,0,0,-0.191637152
11.752,0,0,-0.188495559
11.76,0,0,-0.186924763
11.768,0,0,-0.18378317
11.776,0,0,-0.180641578
11.784,0,0,-0.177499985
11.792,0,0,-0.172787596
11.8,0,0,-0.168075207
11.808,0,0,-0.163362818
11.816,0,0,-0.158650429
11.824,0,0,-0.15393804
11.832,0,0,-0.147654855
11.84,0,0,-0.141371669
11.848,0,0,-0.135088484
11.856,0,0,-0.127234502
11.864,0,0,-0.120951317
11.872,0,0,-0.113097336
11.88,0,0,-0.105243354
11.888,0,0,-0.0973893723
11.896,0,0,-0.0895353906
11.904,0,0,-0.081681409
11.912,0,0,-0.072256631
11.92,0,0,-0.0644026494
11.928,0,0,-0.0549778714
11.936,0,0,-0.0455530935
11.944,0,0,-0.0376991118
11.952,0,0,-0.0282743339
11.96,0,0,-0.0188495559
11.968,0,0,-0.00942477796
11.976,0,0,-0
11.984,0,0,0.00942477796
11.992,0,0,0.0188495559
12,0,0,0.0282743339
12.008,0,0,0.0361283155
12.016,0,0,0.0455530935
12.024,0,0,0.0549778714
12.032,0,0,0.0644026494
12.04,0,0,0.072256631
12.048,0,0,0.081681409
12.056,0,0,0.0895353906
12.064,0,0,0.0973893723
12.072,0,0,0.105243354
12.08,0,0,0.113097336
12.088,0,0,0.120951317
12.096,0,0,0.127234502
12.104,0,0,0.135088484
12.112,0,0,0.141371669
12.12,0,0,0.147654855
12.128,0,0,0.15393804
12.136,0,0,0.158650429
12.144,0,0,0.163362818
12.152,0,0,0.168075207
12.16,0,0,0.172787596
12.168,0,0,0.177499985
12.176,0,0,0.180641578
12.184,0,0,0.18378317
12.192,0,0,0.186924763
12.2,0,0,0.188495559
12.208,0,0,0.190066356
12.216,0,0,0.191637152
12.224,0,0,0.193207948
12.232,0,0,0.194778745
12.24,0,0,0.194778745
12.248,0,0,0.193207948
12.256,0,0,0.191637152
12.264,0,0,0.191637152
12.272,0,0,0.190066356
12.28,0,0,0.188495559
12.288,0,0,0.185353967
12.296,0,0,0.182212374
12.304,0,0,0.179070781
12.312,0,0,0.175929189
12.32,0,0,0.1712168
12.328,0,0,0.166504411
12.336,0,0,0.161792022
12.344,0,0,0.157079633
12.352,0,0,0.150796447
12.36,0,0,0.146084058
12.368,0,0,0.138230077
12.376,0,0,0.131946891
12.384,0,0,0.125663706
12.392,0,0,0.117809725
12.4,0,0,0.111526539
12.408,0,0,0.103672558
12.416,0,0,0.0958185759
12.424,0,0,0.086393798
12.432,0,0,0.0785398163
12.44,0,0,0.0706858347
12.448,0,0,0.0612610567
12.456,0,0,0.0518362788
12.464,0,0,0.0439822972
12.472,0,0,0.0345575192
12.48,0,0,0.0251327412
12.488,0,0,0.0157079633
12.496,0,0,0.00628318531
12.504,0,0,-0.00314159265
12.512,0,0,-0.0109955743
12.52,0,0,-0.0204203522
12.528,0,0,-0.0298451302
12.536,0,0,-0.0392699082
12.544,0,0,-0.0486946861
12.552,0,0,-0.0565486678
12.56,0,0,-0.0659734457
12.568,0,0,-0.0738274274
12.576,0,0,-0.0832522053
12.584,0,0,-0.091106187
12.592,0,0,-0.0989601686
12.6,0,0,-0.10681415
12.608,0,0,-0.114668132
12.616,0,0,-0.120951317
12.624,0,0,-0.128805299
12.632,0,0,-0.135088484
12.64,0,0,-0.141371669
12.648,0,0,-0.147654855
12.656,0,0,-0.152367244
12.664,0,0,-0.158650429
12.672,0,0,-0.163362818
12.68,0,0,-0.168075207
12.688,0,0,-0.172787596
12.696,0,0,-0.175929189
12.704,0,0,-0.179070781
12.712,0,0,-0.182212374
12.72,0,0,-0.185353967
12.728,0,0,-0.186924763
12.736,0,0,-0.188495559
12.744,0,0,-0.190066356
12.752,0,0,-0.191637152
12.76,0,0,-0.191637152
12.768,0,0,-0.191637152
12.776,0,0,-0.190066356
12.784,0,0,-0.190066356
12.792,0,0,-0.188495559
12.8,0,0,-0.186924763
12.808,0,0,-0.185353967
12.816,0,0,-0.182212374
12.824,0,0,-0.179070781
12.832,0,0,-0.175929189
12.84,0,0,-0.1712168
12.848,0,0,-0.166504411
12.856,0,0,-0.161792022
12.864,0,0,-0.157079633
12.872,0,0,-0.152367244
12.88,0,0,-0.146084058
12.888,0,0,-0.139800873
12.896,0,0,-0.133517688
12.904,0,0,-0.127234502
12.912,0,0,-0.120951317
12.92,0,0,-0.113097336
12.928,0,0,-0.105243354
12.936,0,0,-0.0973893723
12.944,0,0,-0.0895353906
12.952,0,0,-0.081681409
12.96,0,0,-0.0738274274
12.968,0,0,-0.0644026494
12.976,0,0,-0.0565486678
12.984,0,0,-0.0471238898
12.992,0,0,-0.0376991118
13,0,0,-0.0298451302
13.008,0,0,-0.0204203522
13.016,0,0,-0.0109955743
13.024,0,0,-0.00157079633
13.032,0,0,0.00785398163
13.04,0,0,0.0172787596
13.048,0,0,0.0251327412
13.056,0,0,0.0345575192
13.064,0,0,0.0439822972
13.072,0,0,0.0518362788
13.08,0,0,0.0612610567
13.088,0,0,0.0706858347
13.096,0,0,0.0785398163
13.104,0,0,0.086393798
13.112,0,0,0.0942477796
13.12,0,0,0.102101761
13.128,0,0,0.109955743
13.136,0,0,0.117809725
13.144,0,0,0.12409291
13.152,0,0,0.131946891
13.16,0,0,0.138230077
13.168,0,0,0.144513262
13.176,0,0,0.150796447
13.184,0,0,0.155508836
13.192,0,0,0.160221225
13.2,0,0,0.164933614
13.208,0,0,0.169646003
13.216,0,0,0.174358392
13.224,0,0,0.177499985
13.232,0,0,0.180641578
13.24,0,0,0.18378317
13.248,0,0,0.185353967
13.256,0,0,0.188495559
13.264,0,0,0.190066356
13.272,0,0,0.190066356
13.28,0,0,0.191637152
13.288,0,0,0.191637152
13.296,0,0,0.190066356
13.304,0,0,0.190066356
13.312,0,0,0.188495559
13.32,0,0,0.188495559
13.328,0,0,0.185353967
13.336,0,0,0.18378317
13.344,0,0,0.180641578
13.352,0,0,0.177499985
13.36,0,0,0.174358392
13.368,0,0,0.169646003
13.376,0,0,0.164933614
13.384,0,0,0.160221225
13.392,0,0,0.155508836
13.4,0,0,0.150796447
13.408,0,0,0.144513262
13.416,0,0,0.138230077
13.424,0,0,0.131946891
13.432,0,0,0.125663706
13.44,0,0,0.117809725
13.448,0,0,0.109955743
13.456,0,0,0.103672558
13.464,0,0,0.0958185759
13.472,0,0,0.086393798
13.48,0,0,0.0785398163
13.488,0,0,0.0706858347
13.496,0,0,0.0612610567
13.504,0,0,0.0534070751
13.512,0,0,0.0439822972
13.52,0,0,0.0361283155
13.528,0,0,0.0267035376
13.536,0,0,0.0172787596
13.544,0,0,0.00785398163
13.552,0,0,-0
13.56,0,0,-0.00942477796
13.568,0,0,-0.0188495559
13.576,0,0,-0.0282743339
13.584,0,0,-0.0361283155
13.592,0,0,-0.0455530935
13.6,0,0,-0.0549778714
13.608,0,0,-0.0628318531
13.616,0,0,-0.072256631
13.624,0,0,-0.0801106127
13.632,0,0,-0.0879645943
13.64,0,0,-0.0958185759
13.648,0,0,-0.103672558
13.656,0,0,-0.111526539
13.664,0,0,-0.117809725
13.672,0,0,-0.125663706
13.68,0,0,-0.131946891
13.688,0,0,-0.138230077
13.696,0,0,-0.144513262
13.704,0,0,-0.149225651
13.712,0,0,-0.155508836
13.72,0,0,-0.160221225
13.728,0,0,-0.164933614
13.736,0,0,-0.169646003
13.744,0,0,-0.172787596
13.752,0,0,-0.175929189
13.76,0,0,-0.179070781
13.768,0,0,-0.182212374
13.776,0,0,-0.18378317
13.784,0,0,-0.185353967
13.792,0,0,-0.186924763
13.8,0,0,-0.188495559
13.808,0,0,-0.188495559
13.816,0,0,-0.186924763
13.824,0,0,-0.186924763
13.832,0,0,-0.186924763
13.84,0,0,-0.186924763
13.848,0,0,-0.18378317
13.856,0,0,-0.182212374
13.864,0,0,-0.179070781
13.872,0,0,-0.177499985
13.88,0,0,-0.172787596
13.888,0,0,-0.169646003
13.896,0,0,-0.164933614
13.904,0,0,-0.161792022
13.912,0,0,-0.155508836
13.92,0,0,-0.150796447
13.928,0,0,-0.146084058
13.936,0,0,-0.139800873
13.944,0,0,-0.133517688
13.952,0,0,-0.127234502
13.96,0,0,-0.119380521
13.968,0,0,-0.113097336
13.976,0,0,-0.105243354
13.984,0,0,-0.0973893723
13.992,0,0,-0.0895353906
14,0,0,-0.081681409
14.008,0,0,-0.0738274274
14.016,0,0,-0.0659734457
14.024,0,0,-0.0565486678
14.032,0,0,-0.0486946861
14.04,0,0,-0.0392699082
14.048,0,0,-0.0298451302
14.056,0,0,-0.0219911486
14.064,0,0,-0.0125663706
14.072,0,0,-0.00314159265
14.08,0,0,0.00628318531
14.088,0,0,0.0141371669
14.096,0,0,0.0235619449
14.104,0,0,0.0329867229
14.112,0,0,0.0408407045
14.12,0,0,0.0502654825
14.128,0,0,0.0596902604
14.136,0,0,0.0675442421
14.144,0,0,0.0753982237
14.152,0,0,0.0832522053
14.16,0,0,0.0926769833
14.168,0,0,0.100530965
14.176,0,0,0.10681415
14.184,0,0,0.114668132
14.192,0,0,0.120951317
14.2,0,0,0.128805299
14.208,0,0,0.135088484
14.216,0,0,0.141371669
14.224,0,0,0.147654855
14.232,0,0,0.152367244
14.24,0,0,0.157079633
14.248,0,0,0.161792022
14.256,0,0,0.166504411
14.264,0,0,0.1712168
14.272,0,0,0.174358392
14.28,0,0,0.177499985
14.288,0,0,0.180641578
14.296,0,0,0.182212374
14.304,0,0,0.185353967
14.312,0,0,0.186924763
14.32,0,0,0.188495559
14.328,0,0,0.188495559
14.336,0,0,0.188495559
14.344,0,0,0.186924763
14.352,0,0,0.186924763
14.36,0,0,0.186924763
14.368,0,0,0.185353967
14.376,0,0,0.18378317
14.384,0,0,0.180641578
14.392,0,0,0.179070781
14.4,0,0,0.175929189
14.408,0,0,0.172787596
14.416,0,0,0.168075207
14.424,0,0,0.163362818
14.432,0,0,0.158650429
14.44,0,0,0.15393804
14.448,0,0,0.149225651
14.456,0,0,0.142942466
14.464,0,0,0.13665928
14.472,0,0,0.130376095
14.48,0,0,0.12409291
14.488,0,0,0.117809725
14.496,0,0,0.109955743
14.504,0,0,0.102101761
14.512,0,0,0.0958185759
14.52,0,0,0.0879645943
14.528,0,0,0.0785398163
14.536,0,0,0.0706858347
14.544,0,0,0.0628318531
14.552,0,0,0.0534070751
14.56,0,0,0.0455530935
14.568,0,0,0.0361283155
14.576,0,0,0.0282743339
14.584,0,0,0.0188495559
14.592,0,0,0.00942477796
14.6,0,0,0.00157079633
14.608,0,0,-0.00785398163
14.616,0,0,-0.0172787596
14.624,0,0,-0.0267035376
14.632,0,0,-0.0345575192
14.64,0,0,-0.0439822972
14.648,0,0,-0.0518362788
14.656,0,0,-0.0612610567
14.664,0,0,-0.0691150384
14.672,0,0,-0.07696902
14.68,0,0,-0.0848230016
14.688,0,0,-0.0926769833
14.696,0,0,-0.100530965
14.704,0,0,-0.108384947
14.712,0,0,-0.116238928
14.72,0,0,-0.122522113
14.728,0,0,-0.128805299
14.736,0,0,-0.135088484
14.744,0,0,-0.141371669
14.752,0,0,-0.146084058
14.76,0,0,-0.152367244
14.768,0,0,-0.157079633
14.776,0,0,-0.161792022
14.784,0,0,-0.166504411
14.792,0,0,-0.169646003
14.8,0,0,-0.172787596
14.808,0,0,-0.175929189
14.816,0,0,-0.179070781
14.824,0,0,-0.180641578
14.832,0,0,-0.182212374
14.84,0,0,-0.18378317
14.848,0,0,-0.185353967
14.856,0,0,-0.185353967
14.864,0,0,-0.185353967
14.872,0,0,-0.18378317
14.88,0,0,-0.18378317
14.888,0,0,-0.18378317
14.896,0,0,-0.182212374
14.904,0,0,-0.180641578
14.912,0,0,-0.177499985
14.92,0,0,-0.174358392
14.928,0,0,-0.1712168
14.936,0,0,-0.168075207
14.944,0,0,-0.163362818
14.952,0,0,-0.160221225
14.96,0,0,-0.155508836
14.968,0,0,-0.149225651
14.976,0,0,-0.144513262
14.984,0,0,-0.138230077
14.992,0,0,-0.133517688
