x-axis,1
second,Volt
-2.0000E-03,+4.8241206E+00
-1.9900E-03,+4.7638190E+00
-1.9800E-03,+4.7839195E+00
-1.9700E-03,+4.7437185E+00
-1.9600E-03,+4.7437185E+00
-1.9500E-03,+4.7638190E+00
-1.9400E-03,+4.7839195E+00
-1.9300E-03,+4.7638190E+00
-1.9200E-03,+4.8241206E+00
-1.9100E-03,+4.8241206E+00
-1.9000E-03,+4.7839195E+00
-1.8900E-03,+4.8040200E+00
-1.8800E-03,+4.7437185E+00
-1.8700E-03,+4.8040200E+00
-1.8600E-03,+4.8241206E+00
-1.8500E-03,+4.8040200E+00
-1.8400E-03,+4.7437185E+00
-1.8300E-03,+4.7437185E+00
-1.8200E-03,+4.7839195E+00
-1.8100E-03,+4.8040200E+00
-1.8000E-03,+4.8241206E+00
-1.7900E-03,+4.7437185E+00
-1.7800E-03,+4.8241206E+00
-1.7700E-03,+4.8241206E+00
-1.7600E-03,+4.8241206E+00
-1.7500E-03,+4.8040200E+00
-1.7400E-03,+4.7839195E+00
-1.7300E-03,+4.8241206E+00
-1.7200E-03,+4.7437185E+00
-1.7100E-03,+4.8040200E+00
-1.7000E-03,+4.8241206E+00
-1.6900E-03,+4.7638190E+00
-1.6800E-03,+4.7437185E+00
-1.6700E-03,+4.7437185E+00
-1.6600E-03,+4.7437185E+00
-1.6500E-03,+4.8040200E+00
-1.6400E-03,+4.8241206E+00
-1.6300E-03,+4.8040200E+00
-1.6200E-03,+4.7437185E+00
-1.6100E-03,+4.7638190E+00
-1.6000E-03,+4.7437185E+00
-1.5900E-03,+4.8040200E+00
-1.5800E-03,+4.8643216E+00
-1.5700E-03,+4.8241206E+00
-1.5600E-03,+4.7437185E+00
-1.5500E-03,+4.7638190E+00
-1.5400E-03,+4.7437185E+00
-1.5300E-03,+4.7437185E+00
-1.5200E-03,+4.7437185E+00
-1.5100E-03,+4.8241206E+00
-1.5000E-03,+4.8241206E+00
-1.4900E-03,+4.8241206E+00
-1.4800E-03,+4.7437185E+00
-1.4700E-03,+4.7437185E+00
-1.4600E-03,+4.7839195E+00
-1.4500E-03,+4.7638190E+00
-1.4400E-03,+4.8241206E+00
-1.4300E-03,+4.8241206E+00
-1.4200E-03,+4.7839195E+00
-1.4100E-03,+4.8241206E+00
-1.4000E-03,+4.6633165E+00
-1.3900E-03,+4.8241206E+00
-1.3800E-03,+4.7437185E+00
-1.3700E-03,+4.8442211E+00
-1.3600E-03,+4.8241206E+00
-1.3500E-03,+4.7839195E+00
-1.3400E-03,+4.7839195E+00
-1.3300E-03,+4.8241206E+00
-1.3200E-03,+4.7437185E+00
-1.3100E-03,+4.8040200E+00
-1.3000E-03,+4.7839195E+00
-1.2900E-03,+4.8040200E+00
-1.2800E-03,+4.7437185E+00
-1.2700E-03,+4.7437185E+00
-1.2600E-03,+4.7437185E+00
-1.2500E-03,+4.7437185E+00
-1.2400E-03,+4.7437185E+00
-1.2300E-03,+4.7638190E+00
-1.2200E-03,+4.7437185E+00
-1.2100E-03,+4.8040200E+00
-1.2000E-03,+4.7437185E+00
-1.1900E-03,+4.7638190E+00
-1.1800E-03,+4.8643216E+00
-1.1700E-03,+4.7638190E+00
-1.1600E-03,+4.8241206E+00
-1.1500E-03,+4.8241206E+00
-1.1400E-03,+4.7437185E+00
-1.1300E-03,+4.8040200E+00
-1.1200E-03,+4.7437185E+00
-1.1100E-03,+4.7839195E+00
-1.1000E-03,+4.8241206E+00
-1.0900E-03,+4.7437185E+00
-1.0800E-03,+4.6633165E+00
-1.0700E-03,+4.7638190E+00
-1.0600E-03,+4.7035175E+00
-1.0500E-03,+4.8241206E+00
-1.0400E-03,+4.7437185E+00
-1.0300E-03,+4.7638190E+00
-1.0200E-03,+4.7839195E+00
-1.0100E-03,+4.7839195E+00
-1.0000E-03,+4.8241206E+00
-990.0E-06,+4.7437185E+00
-980.0E-06,+4.8241206E+00
-970.0E-06,+4.8241206E+00
-960.0E-06,+4.7437185E+00
-950.0E-06,+4.8241206E+00
-940.0E-06,+4.7437185E+00
-930.0E-06,+4.7638190E+00
-920.0E-06,+4.7437185E+00
-910.0E-06,+4.8040200E+00
-900.0E-06,+4.8241206E+00
-890.0E-06,+4.8241206E+00
-880.0E-06,+4.8241206E+00
-870.0E-06,+4.8241206E+00
-860.0E-06,+4.7437185E+00
-850.0E-06,+4.8040200E+00
-840.0E-06,+4.8241206E+00
-830.0E-06,+4.8040200E+00
-820.0E-06,+4.7437185E+00
-810.0E-06,+4.7437185E+00
-800.0E-06,+4.7437185E+00
-790.0E-06,+4.8040200E+00
-780.0E-06,+4.8241206E+00
-770.0E-06,+4.7638190E+00
-760.0E-06,+4.7437185E+00
-750.0E-06,+4.8241206E+00
-740.0E-06,+4.8241206E+00
-730.0E-06,+4.8241206E+00
-720.0E-06,+4.7437185E+00
-710.0E-06,+4.7437185E+00
-700.0E-06,+4.8241206E+00
-690.0E-06,+4.8442211E+00
-680.0E-06,+4.7437185E+00
-670.0E-06,+4.7437185E+00
-660.0E-06,+4.7437185E+00
-650.0E-06,+4.8241206E+00
-640.0E-06,+4.8241206E+00
-630.0E-06,+4.7437185E+00
-620.0E-06,+4.7437185E+00
-610.0E-06,+4.7437185E+00
-600.0E-06,+4.8241206E+00
-590.0E-06,+4.8040200E+00
-580.0E-06,+4.8241206E+00
-570.0E-06,+4.7638190E+00
-560.0E-06,+4.6633165E+00
-550.0E-06,+4.7437185E+00
-540.0E-06,+4.7437185E+00
-530.0E-06,+4.7437185E+00
-520.0E-06,+4.8241206E+00
-510.0E-06,+4.7638190E+00
-500.0E-06,+4.7839195E+00
-490.0E-06,+4.7437185E+00
-480.0E-06,+4.7437185E+00
-470.0E-06,+4.8040200E+00
-460.0E-06,+4.7839195E+00
-450.0E-06,+4.8040200E+00
-440.0E-06,+4.7437185E+00
-430.0E-06,+4.7437185E+00
-420.0E-06,+4.7839195E+00
-410.0E-06,+4.7839195E+00
-400.0E-06,+4.8241206E+00
-390.0E-06,+4.8241206E+00
-380.0E-06,+4.7839195E+00
-370.0E-06,+4.7638190E+00
-360.0E-06,+4.6633165E+00
-350.0E-06,+4.8040200E+00
-340.0E-06,+4.7437185E+00
-330.0E-06,+4.7839195E+00
-320.0E-06,+4.7437185E+00
-310.0E-06,+4.8040200E+00
-300.0E-06,+4.7839195E+00
-290.0E-06,+4.7638190E+00
-280.0E-06,+4.6633165E+00
-270.0E-06,+4.7437185E+00
-260.0E-06,+4.7839195E+00
-250.0E-06,+4.8040200E+00
-240.0E-06,+4.7437185E+00
-230.0E-06,+4.8241206E+00
-220.0E-06,+4.7839195E+00
-210.0E-06,+4.6633165E+00
-200.0E-06,+4.7437185E+00
-190.0E-06,+4.7437185E+00
-180.0E-06,+4.7035175E+00
-170.0E-06,+4.7437185E+00
-160.0E-06,+4.6633165E+00
-150.0E-06,+4.5829145E+00
-140.0E-06,+4.5025125E+00
-130.0E-06,+4.4020100E+00
-120.0E-06,+4.3417085E+00
-110.0E-06,+4.1809045E+00
-100.0E-06,+4.2211055E+00
-90.0E-06,+4.1005025E+00
-80.0E-06,+3.8592964E+00
-70.0E-06,+3.7788944E+00
-60.0E-06,+3.6582914E+00
-50.0E-06,+3.5376884E+00
-40.0E-06,+3.3768844E+00
-30.0E-06,+3.3165829E+00
-20.0E-06,+3.0552763E+00
-10.0E-06,+2.8341708E+00
+0.0E+00,+2.7336683E+00
+10.0E-06,+2.5728643E+00
+20.0E-06,+2.4522613E+00
+30.0E-06,+2.2512563E+00
+40.0E-06,+2.0904522E+00
+50.0E-06,+1.8492462E+00
+60.0E-06,+1.6884422E+00
+70.0E-06,+1.4673367E+00
+80.0E-06,+1.2864321E+00
+90.0E-06,+1.1055276E+00
+100.0E-06,+844.2211E-03
+110.0E-06,+663.3166E-03
+120.0E-06,+482.4121E-03
+130.0E-06,+241.2060E-03
+140.0E-06,+40.2010E-03
+150.0E-06,-160.8040E-03
+160.0E-06,-402.0100E-03
+170.0E-06,-502.5126E-03
+180.0E-06,-723.6181E-03
+190.0E-06,-944.7236E-03
+200.0E-06,-1.1256281E+00
+210.0E-06,-1.3467337E+00
+220.0E-06,-1.4472362E+00
+230.0E-06,-1.6281407E+00
+240.0E-06,-1.9296482E+00
+250.0E-06,-1.9899497E+00
+260.0E-06,-2.1306532E+00
+270.0E-06,-2.3919598E+00
+280.0E-06,-2.5728643E+00
+290.0E-06,-2.6532663E+00
+300.0E-06,-2.8140703E+00
+310.0E-06,-2.9748743E+00
+320.0E-06,-3.0552763E+00
+330.0E-06,-3.2361809E+00
+340.0E-06,-3.3768844E+00
+350.0E-06,-3.5175879E+00
+360.0E-06,-3.5376884E+00
+370.0E-06,-3.6984924E+00
+380.0E-06,-3.7386934E+00
+390.0E-06,-3.8592964E+00
+400.0E-06,-4.1005025E+00
+410.0E-06,-4.0201005E+00
+420.0E-06,-4.1005025E+00
+430.0E-06,-4.1206030E+00
+440.0E-06,-4.1005025E+00
+450.0E-06,-4.1809045E+00
+460.0E-06,-4.3015075E+00
+470.0E-06,-4.3216080E+00
+480.0E-06,-4.2613065E+00
+490.0E-06,-4.2613065E+00
+500.0E-06,-4.3015075E+00
+510.0E-06,-4.2211055E+00
+520.0E-06,-4.2613065E+00
+530.0E-06,-4.1809045E+00
+540.0E-06,-4.2211055E+00
+550.0E-06,-4.1608040E+00
+560.0E-06,-4.0201005E+00
+570.0E-06,-4.0201005E+00
+580.0E-06,-3.9396985E+00
+590.0E-06,-3.8592964E+00
+600.0E-06,-3.6984924E+00
+610.0E-06,-3.7185929E+00
+620.0E-06,-3.6180904E+00
+630.0E-06,-3.4773869E+00
+640.0E-06,-3.3768844E+00
+650.0E-06,-3.2160804E+00
+660.0E-06,-3.1356784E+00
+670.0E-06,-3.0351758E+00
+680.0E-06,-2.8944723E+00
+690.0E-06,-2.7939698E+00
+700.0E-06,-2.6130653E+00
+710.0E-06,-2.3919598E+00
+720.0E-06,-2.2512563E+00
+730.0E-06,-2.1105527E+00
+740.0E-06,-1.9296482E+00
+750.0E-06,-1.8291457E+00
+760.0E-06,-1.6884422E+00
+770.0E-06,-1.5075377E+00
+780.0E-06,-1.2462311E+00
+790.0E-06,-1.1256281E+00
+800.0E-06,-1.0452261E+00
+810.0E-06,-723.6181E-03
+820.0E-06,-603.0151E-03
+830.0E-06,-402.0100E-03
+840.0E-06,-241.2060E-03
+850.0E-06,-140.7035E-03
+860.0E-06,+80.4020E-03
+870.0E-06,+261.3065E-03
+880.0E-06,+482.4121E-03
+890.0E-06,+643.2161E-03
+900.0E-06,+804.0201E-03
+910.0E-06,+964.8241E-03
+920.0E-06,+1.1256281E+00
+930.0E-06,+1.2261306E+00
+940.0E-06,+1.4874372E+00
+950.0E-06,+1.6080402E+00
+960.0E-06,+1.6884422E+00
+970.0E-06,+1.8693467E+00
+980.0E-06,+2.0904522E+00
+990.0E-06,+2.1909548E+00
+1.0000E-03,+2.3316583E+00
+1.0100E-03,+2.5326633E+00
+1.0200E-03,+2.5728643E+00
+1.0300E-03,+2.6130653E+00
+1.0400E-03,+2.7336683E+00
+1.0500E-03,+2.8341708E+00
+1.0600E-03,+3.0552763E+00
+1.0700E-03,+3.1959799E+00
+1.0800E-03,+3.2160804E+00
+1.0900E-03,+3.3366834E+00
+1.1000E-03,+3.3768844E+00
+1.1100E-03,+3.3768844E+00
+1.1200E-03,+3.5376884E+00
+1.1300E-03,+3.5376884E+00
+1.1400E-03,+3.5778894E+00
+1.1500E-03,+3.6381909E+00
+1.1600E-03,+3.6180904E+00
+1.1700E-03,+3.5778894E+00
+1.1800E-03,+3.6984924E+00
+1.1900E-03,+3.6984924E+00
+1.2000E-03,+3.6984924E+00
+1.2100E-03,+3.6984924E+00
+1.2200E-03,+3.7788944E+00
+1.2300E-03,+3.6984924E+00
+1.2400E-03,+3.6984924E+00
+1.2500E-03,+3.6180904E+00
+1.2600E-03,+3.5376884E+00
+1.2700E-03,+3.4572864E+00
+1.2800E-03,+3.4572864E+00
+1.2900E-03,+3.3969849E+00
+1.3000E-03,+3.2964824E+00
+1.3100E-03,+3.2160804E+00
+1.3200E-03,+3.1356784E+00
+1.3300E-03,+3.0753769E+00
+1.3400E-03,+2.9346733E+00
+1.3500E-03,+2.8944723E+00
+1.3600E-03,+2.7336683E+00
+1.3700E-03,+2.5728643E+00
+1.3800E-03,+2.5326633E+00
+1.3900E-03,+2.4321608E+00
+1.4000E-03,+2.3316583E+00
+1.4100E-03,+2.1909548E+00
+1.4200E-03,+2.0100502E+00
+1.4300E-03,+1.8693467E+00
+1.4400E-03,+1.7688442E+00
+1.4500E-03,+1.5678392E+00
+1.4600E-03,+1.4472362E+00
+1.4700E-03,+1.3065326E+00
+1.4800E-03,+1.1256281E+00
+1.4900E-03,+984.9246E-03
+1.5000E-03,+884.4221E-03
+1.5100E-03,+723.6181E-03
+1.5200E-03,+562.8141E-03
+1.5300E-03,+422.1105E-03
+1.5400E-03,+281.4070E-03
+1.5500E-03,+80.4020E-03
+1.5600E-03,-0.0E+00
+1.5700E-03,-241.2060E-03
+1.5800E-03,-402.0100E-03
+1.5900E-03,-442.2111E-03
+1.6000E-03,-723.6181E-03
+1.6100E-03,-844.2211E-03
+1.6200E-03,-964.8241E-03
+1.6300E-03,-1.1256281E+00
+1.6400E-03,-1.2864321E+00
+1.6500E-03,-1.4472362E+00
+1.6600E-03,-1.5678392E+00
+1.6700E-03,-1.6884422E+00
+1.6800E-03,-1.7688442E+00
+1.6900E-03,-1.9296482E+00
+1.7000E-03,-2.0100502E+00
+1.7100E-03,-2.1909548E+00
+1.7200E-03,-2.3316583E+00
+1.7300E-03,-2.3517588E+00
+1.7400E-03,-2.4924623E+00
+1.7500E-03,-2.6532663E+00
+1.7600E-03,-2.7336683E+00
+1.7700E-03,-2.7537688E+00
+1.7800E-03,-2.8140703E+00
+1.7900E-03,-2.9145728E+00
+1.8000E-03,-3.0552763E+00
+1.8100E-03,-3.1155779E+00
+1.8200E-03,-3.0954774E+00
+1.8300E-03,-3.1557789E+00
+1.8400E-03,-3.2160804E+00
+1.8500E-03,-3.2160804E+00
+1.8600E-03,-3.2562814E+00
+1.8700E-03,-3.2964824E+00
+1.8800E-03,-3.2964824E+00
+1.8900E-03,-3.3165829E+00
+1.9000E-03,-3.3366834E+00
+1.9100E-03,-3.2964824E+00
+1.9200E-03,-3.3768844E+00
+1.9300E-03,-3.3165829E+00
+1.9400E-03,-3.2964824E+00
+1.9500E-03,-3.2763819E+00
+1.9600E-03,-3.2160804E+00
+1.9700E-03,-3.1356784E+00
+1.9800E-03,-3.1356784E+00
+1.9900E-03,-3.1155779E+00
+2.0000E-03,-3.0552763E+00
+2.0100E-03,-2.9748743E+00
+2.0200E-03,-2.8944723E+00
+2.0300E-03,-2.8743718E+00
+2.0400E-03,-2.7336683E+00
+2.0500E-03,-2.6532663E+00
+2.0600E-03,-2.5326633E+00
+2.0700E-03,-2.4723618E+00
+2.0800E-03,-2.3316583E+00
+2.0900E-03,-2.2512563E+00
+2.1000E-03,-2.1708542E+00
+2.1100E-03,-2.0100502E+00
+2.1200E-03,-1.8492462E+00
+2.1300E-03,-1.8291457E+00
+2.1400E-03,-1.6482412E+00
+2.1500E-03,-1.5879397E+00
+2.1600E-03,-1.4472362E+00
+2.1700E-03,-1.2864321E+00
+2.1800E-03,-1.1256281E+00
+2.1900E-03,-1.0452261E+00
+2.2000E-03,-804.0201E-03
+2.2100E-03,-783.9196E-03
+2.2200E-03,-643.2161E-03
+2.2300E-03,-482.4121E-03
+2.2400E-03,-402.0100E-03
+2.2500E-03,-241.2060E-03
+2.2600E-03,-80.4020E-03
+2.2700E-03,+20.1005E-03
+2.2800E-03,+160.8040E-03
+2.2900E-03,+402.0100E-03
+2.3000E-03,+482.4121E-03
+2.3100E-03,+582.9146E-03
+2.3200E-03,+723.6181E-03
+2.3300E-03,+864.3216E-03
+2.3400E-03,+964.8241E-03
+2.3500E-03,+1.1256281E+00
+2.3600E-03,+1.2864321E+00
+2.3700E-03,+1.3668342E+00
+2.3800E-03,+1.4472362E+00
+2.3900E-03,+1.5477387E+00
+2.4000E-03,+1.6884422E+00
+2.4100E-03,+1.7688442E+00
+2.4200E-03,+1.8894472E+00
+2.4300E-03,+2.0100502E+00
+2.4400E-03,+2.0100502E+00
+2.4500E-03,+2.1105527E+00
+2.4600E-03,+2.2512563E+00
+2.4700E-03,+2.3919598E+00
+2.4800E-03,+2.4120603E+00
+2.4900E-03,+2.4321608E+00
+2.5000E-03,+2.5326633E+00
+2.5100E-03,+2.5929648E+00
+2.5200E-03,+2.6532663E+00
+2.5300E-03,+2.7939698E+00
+2.5400E-03,+2.7738693E+00
+2.5500E-03,+2.8140703E+00
+2.5600E-03,+2.8140703E+00
+2.5700E-03,+2.8341708E+00
+2.5800E-03,+2.9346733E+00
+2.5900E-03,+2.8743718E+00
+2.6000E-03,+2.8944723E+00
+2.6100E-03,+2.8944723E+00
+2.6200E-03,+2.8542713E+00
+2.6300E-03,+2.8341708E+00
+2.6400E-03,+2.8140703E+00
+2.6500E-03,+2.7537688E+00
+2.6600E-03,+2.7738693E+00
+2.6700E-03,+2.7336683E+00
+2.6800E-03,+2.7336683E+00
+2.6900E-03,+2.7336683E+00
+2.7000E-03,+2.6934673E+00
+2.7100E-03,+2.5728643E+00
+2.7200E-03,+2.4924623E+00
+2.7300E-03,+2.4522613E+00
+2.7400E-03,+2.3718593E+00
+2.7500E-03,+2.3115578E+00
+2.7600E-03,+2.2512563E+00
+2.7700E-03,+2.2311558E+00
+2.7800E-03,+2.0904522E+00
+2.7900E-03,+1.9296482E+00
+2.8000E-03,+1.9296482E+00
+2.8100E-03,+1.7889447E+00
+2.8200E-03,+1.7286432E+00
+2.8300E-03,+1.6683417E+00
+2.8400E-03,+1.4472362E+00
+2.8500E-03,+1.3668342E+00
+2.8600E-03,+1.2864321E+00
+2.8700E-03,+1.1859296E+00
+2.8800E-03,+1.0452261E+00
+2.8900E-03,+944.7236E-03
+2.9000E-03,+804.0201E-03
+2.9100E-03,+643.2161E-03
+2.9200E-03,+643.2161E-03
+2.9300E-03,+422.1105E-03
+2.9400E-03,+321.6080E-03
+2.9500E-03,+180.9045E-03
+2.9600E-03,+0.0E+00
+2.9700E-03,-80.4020E-03
+2.9800E-03,-120.6030E-03
+2.9900E-03,-261.3065E-03
+3.0000E-03,-402.0100E-03
+3.0100E-03,-502.5126E-03
+3.0200E-03,-562.8141E-03
+3.0300E-03,-723.6181E-03
+3.0400E-03,-804.0201E-03
+3.0500E-03,-964.8241E-03
+3.0600E-03,-1.1256281E+00
+3.0700E-03,-1.1457286E+00
+3.0800E-03,-1.2864321E+00
+3.0900E-03,-1.3668342E+00
+3.1000E-03,-1.4874372E+00
+3.1100E-03,-1.5477387E+00
+3.1200E-03,-1.6884422E+00
+3.1300E-03,-1.7889447E+00
+3.1400E-03,-1.8492462E+00
+3.1500E-03,-1.9095477E+00
+3.1600E-03,-1.9296482E+00
+3.1700E-03,-2.0301507E+00
+3.1800E-03,-2.0904522E+00
+3.1900E-03,-2.1708542E+00
+3.2000E-03,-2.2512563E+00
+3.2100E-03,-2.3316583E+00
+3.2200E-03,-2.3718593E+00
+3.2300E-03,-2.4120603E+00
+3.2400E-03,-2.4120603E+00
+3.2500E-03,-2.4924623E+00
+3.2600E-03,-2.4522613E+00
+3.2700E-03,-2.5728643E+00
+3.2800E-03,-2.6532663E+00
+3.2900E-03,-2.5728643E+00
+3.3000E-03,-2.5728643E+00
+3.3100E-03,-2.5125628E+00
+3.3200E-03,-2.4924623E+00
+3.3300E-03,-2.5125628E+00
+3.3400E-03,-2.5326633E+00
+3.3500E-03,-2.5527638E+00
+3.3600E-03,-2.4924623E+00
+3.3700E-03,-2.5527638E+00
+3.3800E-03,-2.4924623E+00
+3.3900E-03,-2.3316583E+00
+3.4000E-03,-2.3316583E+00
+3.4100E-03,-2.3115578E+00
+3.4200E-03,-2.2512563E+00
+3.4300E-03,-2.2512563E+00
+3.4400E-03,-2.2512563E+00
+3.4500E-03,-2.0904522E+00
+3.4600E-03,-2.0502512E+00
+3.4700E-03,-1.9497487E+00
+3.4800E-03,-1.9296482E+00
+3.4900E-03,-1.9095477E+00
+3.5000E-03,-1.6884422E+00
+3.5100E-03,-1.6683417E+00
+3.5200E-03,-1.6080402E+00
+3.5300E-03,-1.5075377E+00
+3.5400E-03,-1.4070352E+00
+3.5500E-03,-1.2864321E+00
+3.5600E-03,-1.2864321E+00
+3.5700E-03,-1.1256281E+00
+3.5800E-03,-1.0050251E+00
+3.5900E-03,-944.7236E-03
+3.6000E-03,-804.0201E-03
+3.6100E-03,-703.5176E-03
+3.6200E-03,-643.2161E-03
+3.6300E-03,-482.4121E-03
+3.6400E-03,-482.4121E-03
+3.6500E-03,-241.2060E-03
+3.6600E-03,-160.8040E-03
+3.6700E-03,-140.7035E-03
+3.6800E-03,+0.0E+00
+3.6900E-03,+140.7035E-03
+3.7000E-03,+241.2060E-03
+3.7100E-03,+341.7085E-03
+3.7200E-03,+482.4121E-03
+3.7300E-03,+502.5126E-03
+3.7400E-03,+643.2161E-03
+3.7500E-03,+743.7186E-03
+3.7600E-03,+804.0201E-03
+3.7700E-03,+964.8241E-03
+3.7800E-03,+1.0452261E+00
+3.7900E-03,+1.1256281E+00
+3.8000E-03,+1.2060301E+00
+3.8100E-03,+1.2864321E+00
+3.8200E-03,+1.3668342E+00
+3.8300E-03,+1.4472362E+00
+3.8400E-03,+1.5276382E+00
+3.8500E-03,+1.6482412E+00
+3.8600E-03,+1.6884422E+00
+3.8700E-03,+1.7487437E+00
+3.8800E-03,+1.8492462E+00
+3.8900E-03,+1.8492462E+00
+3.9000E-03,+1.8894472E+00
+3.9100E-03,+1.9497487E+00
+3.9200E-03,+2.0904522E+00
+3.9300E-03,+2.0100502E+00
+3.9400E-03,+2.1306532E+00
+3.9500E-03,+2.1105527E+00
+3.9600E-03,+2.0904522E+00
+3.9700E-03,+2.1708542E+00
+3.9800E-03,+2.1708542E+00
+3.9900E-03,+2.1708542E+00
+4.0000E-03,+2.1708542E+00
+4.0100E-03,+2.2512563E+00
+4.0200E-03,+2.2110553E+00
+4.0300E-03,+2.2311558E+00
+4.0400E-03,+2.0904522E+00
+4.0500E-03,+2.1909548E+00
+4.0600E-03,+2.2110553E+00
+4.0700E-03,+2.2311558E+00
+4.0800E-03,+2.1708542E+00
+4.0900E-03,+2.1507537E+00
+4.1000E-03,+2.0502512E+00
+4.1100E-03,+2.0100502E+00
+4.1200E-03,+2.0100502E+00
+4.1300E-03,+1.9296482E+00
+4.1400E-03,+1.8894472E+00
+4.1500E-03,+1.9095477E+00
+4.1600E-03,+1.7688442E+00
+4.1700E-03,+1.7688442E+00
+4.1800E-03,+1.6482412E+00
+4.1900E-03,+1.5477387E+00
+4.2000E-03,+1.6080402E+00
+4.2100E-03,+1.4271357E+00
+4.2200E-03,+1.4070352E+00
+4.2300E-03,+1.3467337E+00
+4.2400E-03,+1.1256281E+00
+4.2500E-03,+1.1457286E+00
+4.2600E-03,+1.0452261E+00
+4.2700E-03,+984.9246E-03
+4.2800E-03,+804.0201E-03
+4.2900E-03,+864.3216E-03
+4.3000E-03,+643.2161E-03
+4.3100E-03,+703.5176E-03
+4.3200E-03,+562.8141E-03
+4.3300E-03,+462.3116E-03
+4.3400E-03,+361.8090E-03
+4.3500E-03,+241.2060E-03
+4.3600E-03,+80.4020E-03
+4.3700E-03,+20.1005E-03
+4.3800E-03,+0.0E+00
+4.3900E-03,-80.4020E-03
+4.4000E-03,-241.2060E-03
+4.4100E-03,-321.6080E-03
+4.4200E-03,-442.2111E-03
+4.4300E-03,-482.4121E-03
+4.4400E-03,-562.8141E-03
+4.4500E-03,-663.3166E-03
+4.4600E-03,-763.8191E-03
+4.4700E-03,-884.4221E-03
+4.4800E-03,-964.8241E-03
+4.4900E-03,-1.0251256E+00
+4.5000E-03,-1.1256281E+00
+4.5100E-03,-1.1457286E+00
+4.5200E-03,-1.2060301E+00
+4.5300E-03,-1.2060301E+00
+4.5400E-03,-1.3668342E+00
+4.5500E-03,-1.4070352E+00
+4.5600E-03,-1.5276382E+00
+4.5700E-03,-1.5879397E+00
+4.5800E-03,-1.5678392E+00
+4.5900E-03,-1.6080402E+00
+4.6000E-03,-1.6884422E+00
+4.6100E-03,-1.7487437E+00
+4.6200E-03,-1.8090452E+00
+4.6300E-03,-1.8492462E+00
+4.6400E-03,-1.9296482E+00
+4.6500E-03,-1.9698492E+00
+4.6600E-03,-1.9296482E+00
+4.6700E-03,-1.9296482E+00
+4.6800E-03,-2.0100502E+00
+4.6900E-03,-1.9497487E+00
+4.7000E-03,-2.0100502E+00
+4.7100E-03,-1.9497487E+00
+4.7200E-03,-2.0100502E+00
+4.7300E-03,-2.0100502E+00
+4.7400E-03,-2.0100502E+00
+4.7500E-03,-1.9899497E+00
+4.7600E-03,-1.9296482E+00
+4.7700E-03,-1.9296482E+00
+4.7800E-03,-1.9296482E+00
+4.7900E-03,-1.9296482E+00
+4.8000E-03,-1.9296482E+00
+4.8100E-03,-1.8492462E+00
+4.8200E-03,-1.8090452E+00
+4.8300E-03,-1.9095477E+00
+4.8400E-03,-1.7688442E+00
+4.8500E-03,-1.6884422E+00
+4.8600E-03,-1.6884422E+00
+4.8700E-03,-1.6080402E+00
+4.8800E-03,-1.5276382E+00
+4.8900E-03,-1.3869347E+00
+4.9000E-03,-1.4472362E+00
+4.9100E-03,-1.2864321E+00
+4.9200E-03,-1.3668342E+00
+4.9300E-03,-1.2261306E+00
+4.9400E-03,-1.1658291E+00
+4.9500E-03,-1.0050251E+00
+4.9600E-03,-884.4221E-03
+4.9700E-03,-1.0050251E+00
+4.9800E-03,-884.4221E-03
+4.9900E-03,-783.9196E-03
+5.0000E-03,-723.6181E-03
+5.0100E-03,-643.2161E-03
+5.0200E-03,-562.8141E-03
+5.0300E-03,-482.4121E-03
+5.0400E-03,-321.6080E-03
+5.0500E-03,-341.7085E-03
+5.0600E-03,-241.2060E-03
+5.0700E-03,-100.5025E-03
+5.0800E-03,-80.4020E-03
+5.0900E-03,+20.1005E-03
+5.1000E-03,+120.6030E-03
+5.1100E-03,+180.9045E-03
+5.1200E-03,+241.2060E-03
+5.1300E-03,+321.6080E-03
+5.1400E-03,+442.2111E-03
+5.1500E-03,+482.4121E-03
+5.1600E-03,+562.8141E-03
+5.1700E-03,+643.2161E-03
+5.1800E-03,+763.8191E-03
+5.1900E-03,+743.7186E-03
+5.2000E-03,+884.4221E-03
+5.2100E-03,+964.8241E-03
+5.2200E-03,+1.0452261E+00
+5.2300E-03,+1.0452261E+00
+5.2400E-03,+1.2060301E+00
+5.2500E-03,+1.2060301E+00
+5.2600E-03,+1.2462311E+00
+5.2700E-03,+1.2864321E+00
+5.2800E-03,+1.4472362E+00
+5.2900E-03,+1.3869347E+00
+5.3000E-03,+1.4472362E+00
+5.3100E-03,+1.5075377E+00
+5.3200E-03,+1.5276382E+00
+5.3300E-03,+1.5477387E+00
+5.3400E-03,+1.5678392E+00
+5.3500E-03,+1.6281407E+00
+5.3600E-03,+1.6080402E+00
+5.3700E-03,+1.6884422E+00
+5.3800E-03,+1.7286432E+00
+5.3900E-03,+1.7085427E+00
+5.4000E-03,+1.6884422E+00
+5.4100E-03,+1.7688442E+00
+5.4200E-03,+1.6884422E+00
+5.4300E-03,+1.6884422E+00
+5.4400E-03,+1.7688442E+00
+5.4500E-03,+1.7688442E+00
+5.4600E-03,+1.7688442E+00
+5.4700E-03,+1.6884422E+00
+5.4800E-03,+1.6884422E+00
+5.4900E-03,+1.6281407E+00
+5.5000E-03,+1.6080402E+00
+5.5100E-03,+1.6080402E+00
+5.5200E-03,+1.5276382E+00
+5.5300E-03,+1.5477387E+00
+5.5400E-03,+1.5276382E+00
+5.5500E-03,+1.4472362E+00
+5.5600E-03,+1.3668342E+00
+5.5700E-03,+1.4271357E+00
+5.5800E-03,+1.3266332E+00
+5.5900E-03,+1.2864321E+00
+5.6000E-03,+1.2060301E+00
+5.6100E-03,+1.2663316E+00
+5.6200E-03,+1.1256281E+00
+5.6300E-03,+1.0452261E+00
+5.6400E-03,+964.8241E-03
+5.6500E-03,+964.8241E-03
+5.6600E-03,+924.6231E-03
+5.6700E-03,+824.1206E-03
+5.6800E-03,+804.0201E-03
+5.6900E-03,+663.3166E-03
+5.7000E-03,+643.2161E-03
+5.7100E-03,+562.8141E-03
+5.7200E-03,+482.4121E-03
+5.7300E-03,+402.0100E-03
+5.7400E-03,+321.6080E-03
+5.7500E-03,+241.2060E-03
+5.7600E-03,+160.8040E-03
+5.7700E-03,+140.7035E-03
+5.7800E-03,+160.8040E-03
+5.7900E-03,-20.1005E-03
+5.8000E-03,-160.8040E-03
+5.8100E-03,-221.1055E-03
+5.8200E-03,-241.2060E-03
+5.8300E-03,-341.7085E-03
+5.8400E-03,-402.0100E-03
+5.8500E-03,-462.3116E-03
+5.8600E-03,-522.6131E-03
+5.8700E-03,-582.9146E-03
+5.8800E-03,-723.6181E-03
+5.8900E-03,-643.2161E-03
+5.9000E-03,-804.0201E-03
+5.9100E-03,-804.0201E-03
+5.9200E-03,-804.0201E-03
+5.9300E-03,-984.9246E-03
+5.9400E-03,-1.0854271E+00
+5.9500E-03,-1.0452261E+00
+5.9600E-03,-1.1256281E+00
+5.9700E-03,-1.1256281E+00
+5.9800E-03,-1.1658291E+00
+5.9900E-03,-1.2060301E+00
+6.0000E-03,-1.2864321E+00
+6.0100E-03,-1.3467337E+00
+6.0200E-03,-1.4070352E+00
+6.0300E-03,-1.4673367E+00
+6.0400E-03,-1.3668342E+00
+6.0500E-03,-1.4673367E+00
+6.0600E-03,-1.4874372E+00
+6.0700E-03,-1.4472362E+00
+6.0800E-03,-1.5276382E+00
+6.0900E-03,-1.5879397E+00
+6.1000E-03,-1.5276382E+00
+6.1100E-03,-1.5276382E+00
+6.1200E-03,-1.6080402E+00
+6.1300E-03,-1.6080402E+00
+6.1400E-03,-1.6080402E+00
+6.1500E-03,-1.5879397E+00
+6.1600E-03,-1.5276382E+00
+6.1700E-03,-1.5075377E+00
+6.1800E-03,-1.4472362E+00
+6.1900E-03,-1.4472362E+00
+6.2000E-03,-1.5276382E+00
+6.2100E-03,-1.5276382E+00
+6.2200E-03,-1.3668342E+00
+6.2300E-03,-1.3869347E+00
+6.2400E-03,-1.3668342E+00
+6.2500E-03,-1.3668342E+00
+6.2600E-03,-1.2864321E+00
+6.2700E-03,-1.3266332E+00
+6.2800E-03,-1.2864321E+00
+6.2900E-03,-1.2060301E+00
+6.3000E-03,-1.1658291E+00
+6.3100E-03,-1.1859296E+00
+6.3200E-03,-1.0452261E+00
+6.3300E-03,-984.9246E-03
+6.3400E-03,-924.6231E-03
+6.3500E-03,-904.5226E-03
+6.3600E-03,-804.0201E-03
+6.3700E-03,-804.0201E-03
+6.3800E-03,-723.6181E-03
+6.3900E-03,-663.3166E-03
+6.4000E-03,-643.2161E-03
+6.4100E-03,-502.5126E-03
+6.4200E-03,-522.6131E-03
+6.4300E-03,-381.9095E-03
+6.4400E-03,-321.6080E-03
+6.4500E-03,-261.3065E-03
+6.4600E-03,-241.2060E-03
+6.4700E-03,-160.8040E-03
+6.4800E-03,-80.4020E-03
+6.4900E-03,-80.4020E-03
+6.5000E-03,+40.2010E-03
+6.5100E-03,+20.1005E-03
+6.5200E-03,+160.8040E-03
+6.5300E-03,+241.2060E-03
+6.5400E-03,+321.6080E-03
+6.5500E-03,+301.5075E-03
+6.5600E-03,+402.0100E-03
+6.5700E-03,+482.4121E-03
+6.5800E-03,+522.6131E-03
+6.5900E-03,+542.7136E-03
+6.6000E-03,+643.2161E-03
+6.6100E-03,+743.7186E-03
+6.6200E-03,+804.0201E-03
+6.6300E-03,+783.9196E-03
+6.6400E-03,+723.6181E-03
+6.6500E-03,+824.1206E-03
+6.6600E-03,+964.8241E-03
+6.6700E-03,+904.5226E-03
+6.6800E-03,+964.8241E-03
+6.6900E-03,+1.0653266E+00
+6.7000E-03,+1.1256281E+00
+6.7100E-03,+1.1256281E+00
+6.7200E-03,+1.1256281E+00
+6.7300E-03,+1.2663316E+00
+6.7400E-03,+1.2864321E+00
+6.7500E-03,+1.2864321E+00
+6.7600E-03,+1.2060301E+00
+6.7700E-03,+1.2663316E+00
+6.7800E-03,+1.2864321E+00
+6.7900E-03,+1.3467337E+00
+6.8000E-03,+1.3668342E+00
+6.8100E-03,+1.3869347E+00
+6.8200E-03,+1.3266332E+00
+6.8300E-03,+1.3668342E+00
+6.8400E-03,+1.3668342E+00
+6.8500E-03,+1.3668342E+00
+6.8600E-03,+1.3668342E+00
+6.8700E-03,+1.3668342E+00
+6.8800E-03,+1.2864321E+00
+6.8900E-03,+1.2864321E+00
+6.9000E-03,+1.2864321E+00
+6.9100E-03,+1.2261306E+00
+6.9200E-03,+1.2060301E+00
+6.9300E-03,+1.2060301E+00
+6.9400E-03,+1.2060301E+00
+6.9500E-03,+1.1859296E+00
+6.9600E-03,+1.1256281E+00
+6.9700E-03,+1.0653266E+00
+6.9800E-03,+1.0452261E+00
+6.9900E-03,+1.0251256E+00
+7.0000E-03,+964.8241E-03
+7.0100E-03,+964.8241E-03
+7.0200E-03,+924.6231E-03
+7.0300E-03,+884.4221E-03
+7.0400E-03,+884.4221E-03
+7.0500E-03,+804.0201E-03
+7.0600E-03,+723.6181E-03
+7.0700E-03,+703.5176E-03
+7.0800E-03,+562.8141E-03
+7.0900E-03,+643.2161E-03
+7.1000E-03,+482.4121E-03
+7.1100E-03,+462.3116E-03
+7.1200E-03,+402.0100E-03
+7.1300E-03,+341.7085E-03
+7.1400E-03,+361.8090E-03
+7.1500E-03,+261.3065E-03
+7.1600E-03,+241.2060E-03
+7.1700E-03,+140.7035E-03
+7.1800E-03,+80.4020E-03
+7.1900E-03,+0.0E+00
+7.2000E-03,-80.4020E-03
+7.2100E-03,-80.4020E-03
+7.2200E-03,-160.8040E-03
+7.2300E-03,-221.1055E-03
+7.2400E-03,-321.6080E-03
+7.2500E-03,-321.6080E-03
+7.2600E-03,-361.8090E-03
+7.2700E-03,-462.3116E-03
+7.2800E-03,-482.4121E-03
+7.2900E-03,-542.7136E-03
+7.3000E-03,-522.6131E-03
+7.3100E-03,-623.1156E-03
+7.3200E-03,-643.2161E-03
+7.3300E-03,-703.5176E-03
+7.3400E-03,-763.8191E-03
+7.3500E-03,-804.0201E-03
+7.3600E-03,-804.0201E-03
+7.3700E-03,-844.2211E-03
+7.3800E-03,-884.4221E-03
+7.3900E-03,-944.7236E-03
+7.4000E-03,-964.8241E-03
+7.4100E-03,-1.0251256E+00
+7.4200E-03,-1.0050251E+00
+7.4300E-03,-1.0050251E+00
+7.4400E-03,-1.0452261E+00
+7.4500E-03,-1.1055276E+00
+7.4600E-03,-1.1256281E+00
+7.4700E-03,-1.1457286E+00
+7.4800E-03,-1.1256281E+00
+7.4900E-03,-1.1859296E+00
+7.5000E-03,-1.1658291E+00
+7.5100E-03,-1.1859296E+00
+7.5200E-03,-1.2060301E+00
+7.5300E-03,-1.2261306E+00
+7.5400E-03,-1.2462311E+00
+7.5500E-03,-1.2261306E+00
+7.5600E-03,-1.2060301E+00
+7.5700E-03,-1.2060301E+00
+7.5800E-03,-1.2060301E+00
+7.5900E-03,-1.1859296E+00
+7.6000E-03,-1.2060301E+00
+7.6100E-03,-1.1457286E+00
+7.6200E-03,-1.2060301E+00
+7.6300E-03,-1.1256281E+00
+7.6400E-03,-1.1256281E+00
+7.6500E-03,-1.0251256E+00
+7.6600E-03,-1.0452261E+00
+7.6700E-03,-1.0452261E+00
+7.6800E-03,-964.8241E-03
+7.6900E-03,-964.8241E-03
+7.7000E-03,-884.4221E-03
+7.7100E-03,-824.1206E-03
+7.7200E-03,-804.0201E-03
+7.7300E-03,-804.0201E-03
+7.7400E-03,-804.0201E-03
+7.7500E-03,-703.5176E-03
+7.7600E-03,-562.8141E-03
+7.7700E-03,-623.1156E-03
+7.7800E-03,-603.0151E-03
+7.7900E-03,-623.1156E-03
+7.8000E-03,-482.4121E-03
+7.8100E-03,-462.3116E-03
+7.8200E-03,-442.2111E-03
+7.8300E-03,-402.0100E-03
+7.8400E-03,-321.6080E-03
+7.8500E-03,-241.2060E-03
+7.8600E-03,-241.2060E-03
+7.8700E-03,-160.8040E-03
+7.8800E-03,-80.4020E-03
+7.8900E-03,-20.1005E-03
+7.9000E-03,-40.2010E-03
+7.9100E-03,+60.3015E-03
+7.9200E-03,+0.0E+00
+7.9300E-03,+80.4020E-03
+7.9400E-03,+201.0050E-03
+7.9500E-03,+301.5075E-03
+7.9600E-03,+241.2060E-03
+7.9700E-03,+301.5075E-03
+7.9800E-03,+402.0100E-03
+7.9900E-03,+402.0100E-03
+8.0000E-03,+482.4121E-03
+8.0100E-03,+542.7136E-03
+8.0200E-03,+522.6131E-03
+8.0300E-03,+562.8141E-03
+8.0400E-03,+643.2161E-03
+8.0500E-03,+663.3166E-03
+8.0600E-03,+683.4171E-03
+8.0700E-03,+723.6181E-03
+8.0800E-03,+804.0201E-03
+8.0900E-03,+844.2211E-03
+8.1000E-03,+844.2211E-03
+8.1100E-03,+944.7236E-03
+8.1200E-03,+884.4221E-03
+8.1300E-03,+844.2211E-03
+8.1400E-03,+884.4221E-03
+8.1500E-03,+964.8241E-03
+8.1600E-03,+884.4221E-03
+8.1700E-03,+984.9246E-03
+8.1800E-03,+1.0050251E+00
+8.1900E-03,+984.9246E-03
+8.2000E-03,+1.0452261E+00
+8.2100E-03,+1.1055276E+00
+8.2200E-03,+1.0050251E+00
+8.2300E-03,+1.0251256E+00
+8.2400E-03,+1.0452261E+00
+8.2500E-03,+1.0050251E+00
+8.2600E-03,+1.0854271E+00
+8.2700E-03,+1.0452261E+00
+8.2800E-03,+1.0452261E+00
+8.2900E-03,+904.5226E-03
+8.3000E-03,+1.0050251E+00
+8.3100E-03,+1.0251256E+00
+8.3200E-03,+964.8241E-03
+8.3300E-03,+1.0251256E+00
+8.3400E-03,+964.8241E-03
+8.3500E-03,+944.7236E-03
+8.3600E-03,+884.4221E-03
+8.3700E-03,+824.1206E-03
+8.3800E-03,+844.2211E-03
+8.3900E-03,+804.0201E-03
+8.4000E-03,+884.4221E-03
+8.4100E-03,+783.9196E-03
+8.4200E-03,+723.6181E-03
+8.4300E-03,+663.3166E-03
+8.4400E-03,+723.6181E-03
+8.4500E-03,+582.9146E-03
+8.4600E-03,+643.2161E-03
+8.4700E-03,+623.1156E-03
+8.4800E-03,+562.8141E-03
+8.4900E-03,+482.4121E-03
+8.5000E-03,+482.4121E-03
+8.5100E-03,+462.3116E-03
+8.5200E-03,+402.0100E-03
+8.5300E-03,+321.6080E-03
+8.5400E-03,+281.4070E-03
+8.5500E-03,+241.2060E-03
+8.5600E-03,+241.2060E-03
+8.5700E-03,+160.8040E-03
+8.5800E-03,+80.4020E-03
+8.5900E-03,+140.7035E-03
+8.6000E-03,+0.0E+00
+8.6100E-03,-60.3015E-03
+8.6200E-03,-40.2010E-03
+8.6300E-03,-80.4020E-03
+8.6400E-03,-160.8040E-03
+8.6500E-03,-180.9045E-03
+8.6600E-03,-281.4070E-03
+8.6700E-03,-301.5075E-03
+8.6800E-03,-321.6080E-03
+8.6900E-03,-402.0100E-03
+8.7000E-03,-402.0100E-03
+8.7100E-03,-462.3116E-03
+8.7200E-03,-482.4121E-03
+8.7300E-03,-482.4121E-03
+8.7400E-03,-522.6131E-03
+8.7500E-03,-582.9146E-03
+8.7600E-03,-643.2161E-03
+8.7700E-03,-663.3166E-03
+8.7800E-03,-643.2161E-03
+8.7900E-03,-723.6181E-03
+8.8000E-03,-723.6181E-03
+8.8100E-03,-783.9196E-03
+8.8200E-03,-804.0201E-03
+8.8300E-03,-864.3216E-03
+8.8400E-03,-804.0201E-03
+8.8500E-03,-884.4221E-03
+8.8600E-03,-884.4221E-03
+8.8700E-03,-864.3216E-03
+8.8800E-03,-804.0201E-03
+8.8900E-03,-904.5226E-03
+8.9000E-03,-924.6231E-03
+8.9100E-03,-964.8241E-03
+8.9200E-03,-884.4221E-03
+8.9300E-03,-964.8241E-03
+8.9400E-03,-924.6231E-03
+8.9500E-03,-964.8241E-03
+8.9600E-03,-964.8241E-03
+8.9700E-03,-984.9246E-03
+8.9800E-03,-924.6231E-03
+8.9900E-03,-904.5226E-03
+9.0000E-03,-964.8241E-03
+9.0100E-03,-884.4221E-03
+9.0200E-03,-924.6231E-03
+9.0300E-03,-944.7236E-03
+9.0400E-03,-884.4221E-03
+9.0500E-03,-824.1206E-03
+9.0600E-03,-763.8191E-03
+9.0700E-03,-783.9196E-03
+9.0800E-03,-804.0201E-03
+9.0900E-03,-723.6181E-03
+9.1000E-03,-763.8191E-03
+9.1100E-03,-723.6181E-03
+9.1200E-03,-643.2161E-03
+9.1300E-03,-643.2161E-03
+9.1400E-03,-603.0151E-03
+9.1500E-03,-562.8141E-03
+9.1600E-03,-562.8141E-03
+9.1700E-03,-562.8141E-03
+9.1800E-03,-482.4121E-03
+9.1900E-03,-482.4121E-03
+9.2000E-03,-402.0100E-03
+9.2100E-03,-402.0100E-03
+9.2200E-03,-402.0100E-03
+9.2300E-03,-321.6080E-03
+9.2400E-03,-241.2060E-03
+9.2500E-03,-221.1055E-03
+9.2600E-03,-201.0050E-03
+9.2700E-03,-160.8040E-03
+9.2800E-03,-80.4020E-03
+9.2900E-03,-80.4020E-03
+9.3000E-03,-80.4020E-03
+9.3100E-03,+0.0E+00
+9.3200E-03,-0.0E+00
+9.3300E-03,+80.4020E-03
+9.3400E-03,+80.4020E-03
+9.3500E-03,+180.9045E-03
+9.3600E-03,+160.8040E-03
+9.3700E-03,+301.5075E-03
+9.3800E-03,+241.2060E-03
+9.3900E-03,+241.2060E-03
+9.4000E-03,+402.0100E-03
+9.4100E-03,+321.6080E-03
+9.4200E-03,+361.8090E-03
+9.4300E-03,+462.3116E-03
+9.4400E-03,+402.0100E-03
+9.4500E-03,+482.4121E-03
+9.4600E-03,+522.6131E-03
+9.4700E-03,+522.6131E-03
+9.4800E-03,+562.8141E-03
+9.4900E-03,+582.9146E-03
+9.5000E-03,+562.8141E-03
+9.5100E-03,+703.5176E-03
+9.5200E-03,+723.6181E-03
+9.5300E-03,+683.4171E-03
+9.5400E-03,+723.6181E-03
+9.5500E-03,+723.6181E-03
+9.5600E-03,+804.0201E-03
+9.5700E-03,+683.4171E-03
+9.5800E-03,+804.0201E-03
+9.5900E-03,+743.7186E-03
+9.6000E-03,+804.0201E-03
+9.6100E-03,+804.0201E-03
+9.6200E-03,+763.8191E-03
+9.6300E-03,+804.0201E-03
+9.6400E-03,+804.0201E-03
+9.6500E-03,+884.4221E-03
+9.6600E-03,+804.0201E-03
+9.6700E-03,+824.1206E-03
+9.6800E-03,+884.4221E-03
+9.6900E-03,+824.1206E-03
+9.7000E-03,+804.0201E-03
+9.7100E-03,+804.0201E-03
+9.7200E-03,+804.0201E-03
+9.7300E-03,+743.7186E-03
+9.7400E-03,+723.6181E-03
+9.7500E-03,+703.5176E-03
+9.7600E-03,+723.6181E-03
+9.7700E-03,+663.3166E-03
+9.7800E-03,+683.4171E-03
+9.7900E-03,+663.3166E-03
+9.8000E-03,+643.2161E-03
+9.8100E-03,+582.9146E-03
+9.8200E-03,+562.8141E-03
+9.8300E-03,+562.8141E-03
+9.8400E-03,+482.4121E-03
+9.8500E-03,+562.8141E-03
+9.8600E-03,+522.6131E-03
+9.8700E-03,+482.4121E-03
+9.8800E-03,+482.4121E-03
+9.8900E-03,+402.0100E-03
+9.9000E-03,+321.6080E-03
+9.9100E-03,+341.7085E-03
+9.9200E-03,+321.6080E-03
+9.9300E-03,+301.5075E-03
+9.9400E-03,+241.2060E-03
+9.9500E-03,+241.2060E-03
+9.9600E-03,+160.8040E-03
+9.9700E-03,+80.4020E-03
+9.9800E-03,+80.4020E-03
+9.9900E-03,+80.4020E-03
+10.0000E-03,+80.4020E-03
+10.0100E-03,-20.1005E-03
+10.0200E-03,-0.0E+00
+10.0300E-03,-80.4020E-03
+10.0400E-03,-80.4020E-03
+10.0500E-03,-160.8040E-03
+10.0600E-03,-160.8040E-03
+10.0700E-03,-241.2060E-03
+10.0800E-03,-241.2060E-03
+10.0900E-03,-321.6080E-03
+10.1000E-03,-281.4070E-03
+10.1100E-03,-361.8090E-03
+10.1200E-03,-321.6080E-03
+10.1300E-03,-341.7085E-03
+10.1400E-03,-402.0100E-03
+10.1500E-03,-402.0100E-03
+10.1600E-03,-482.4121E-03
+10.1700E-03,-482.4121E-03
+10.1800E-03,-482.4121E-03
+10.1900E-03,-562.8141E-03
+10.2000E-03,-562.8141E-03
+10.2100E-03,-623.1156E-03
+10.2200E-03,-603.0151E-03
+10.2300E-03,-623.1156E-03
+10.2400E-03,-723.6181E-03
+10.2500E-03,-623.1156E-03
+10.2600E-03,-643.2161E-03
+10.2700E-03,-683.4171E-03
+10.2800E-03,-723.6181E-03
+10.2900E-03,-723.6181E-03
+10.3000E-03,-643.2161E-03
+10.3100E-03,-663.3166E-03
+10.3200E-03,-804.0201E-03
+10.3300E-03,-783.9196E-03
+10.3400E-03,-723.6181E-03
+10.3500E-03,-723.6181E-03
+10.3600E-03,-723.6181E-03
+10.3700E-03,-723.6181E-03
+10.3800E-03,-723.6181E-03
+10.3900E-03,-723.6181E-03
+10.4000E-03,-723.6181E-03
+10.4100E-03,-723.6181E-03
+10.4200E-03,-683.4171E-03
+10.4300E-03,-663.3166E-03
+10.4400E-03,-643.2161E-03
+10.4500E-03,-643.2161E-03
+10.4600E-03,-643.2161E-03
+10.4700E-03,-643.2161E-03
+10.4800E-03,-723.6181E-03
+10.4900E-03,-562.8141E-03
+10.5000E-03,-562.8141E-03
+10.5100E-03,-562.8141E-03
+10.5200E-03,-482.4121E-03
+10.5300E-03,-542.7136E-03
+10.5400E-03,-522.6131E-03
+10.5500E-03,-482.4121E-03
+10.5600E-03,-482.4121E-03
+10.5700E-03,-361.8090E-03
+10.5800E-03,-321.6080E-03
+10.5900E-03,-341.7085E-03
+10.6000E-03,-321.6080E-03
+10.6100E-03,-261.3065E-03
+10.6200E-03,-281.4070E-03
+10.6300E-03,-381.9095E-03
+10.6400E-03,-321.6080E-03
+10.6500E-03,-241.2060E-03
+10.6600E-03,-160.8040E-03
+10.6700E-03,-140.7035E-03
+10.6800E-03,-160.8040E-03
+10.6900E-03,-140.7035E-03
+10.7000E-03,-80.4020E-03
+10.7100E-03,-60.3015E-03
+10.7200E-03,+0.0E+00
+10.7300E-03,+80.4020E-03
+10.7400E-03,+80.4020E-03
+10.7500E-03,+80.4020E-03
+10.7600E-03,+0.0E+00
+10.7700E-03,+100.5025E-03
+10.7800E-03,+160.8040E-03
+10.7900E-03,+160.8040E-03
+10.8000E-03,+241.2060E-03
+10.8100E-03,+241.2060E-03
+10.8200E-03,+201.0050E-03
+10.8300E-03,+321.6080E-03
+10.8400E-03,+321.6080E-03
+10.8500E-03,+402.0100E-03
+10.8600E-03,+361.8090E-03
+10.8700E-03,+402.0100E-03
+10.8800E-03,+321.6080E-03
+10.8900E-03,+402.0100E-03
+10.9000E-03,+442.2111E-03
+10.9100E-03,+482.4121E-03
+10.9200E-03,+402.0100E-03
+10.9300E-03,+562.8141E-03
+10.9400E-03,+522.6131E-03
+10.9500E-03,+562.8141E-03
+10.9600E-03,+562.8141E-03
+10.9700E-03,+502.5126E-03
+10.9800E-03,+562.8141E-03
+10.9900E-03,+562.8141E-03
+11.0000E-03,+562.8141E-03
+11.0100E-03,+623.1156E-03
+11.0200E-03,+643.2161E-03
+11.0300E-03,+643.2161E-03
+11.0400E-03,+643.2161E-03
+11.0500E-03,+603.0151E-03
+11.0600E-03,+643.2161E-03
+11.0700E-03,+643.2161E-03
+11.0800E-03,+643.2161E-03
+11.0900E-03,+623.1156E-03
+11.1000E-03,+603.0151E-03
+11.1100E-03,+703.5176E-03
+11.1200E-03,+562.8141E-03
+11.1300E-03,+562.8141E-03
+11.1400E-03,+603.0151E-03
+11.1500E-03,+582.9146E-03
+11.1600E-03,+643.2161E-03
+11.1700E-03,+562.8141E-03
+11.1800E-03,+522.6131E-03
+11.1900E-03,+562.8141E-03
+11.2000E-03,+482.4121E-03
+11.2100E-03,+482.4121E-03
+11.2200E-03,+522.6131E-03
+11.2300E-03,+402.0100E-03
+11.2400E-03,+321.6080E-03
+11.2500E-03,+402.0100E-03
+11.2600E-03,+402.0100E-03
+11.2700E-03,+381.9095E-03
+11.2800E-03,+321.6080E-03
+11.2900E-03,+341.7085E-03
+11.3000E-03,+281.4070E-03
+11.3100E-03,+301.5075E-03
+11.3200E-03,+241.2060E-03
+11.3300E-03,+321.6080E-03
+11.3400E-03,+241.2060E-03
+11.3500E-03,+140.7035E-03
+11.3600E-03,+80.4020E-03
+11.3700E-03,+140.7035E-03
+11.3800E-03,+160.8040E-03
+11.3900E-03,+80.4020E-03
+11.4000E-03,+80.4020E-03
+11.4100E-03,+60.3015E-03
+11.4200E-03,-40.2010E-03
+11.4300E-03,-80.4020E-03
+11.4400E-03,+0.0E+00
+11.4500E-03,-80.4020E-03
+11.4600E-03,-160.8040E-03
+11.4700E-03,-160.8040E-03
+11.4800E-03,-241.2060E-03
+11.4900E-03,-160.8040E-03
+11.5000E-03,-201.0050E-03
+11.5100E-03,-261.3065E-03
+11.5200E-03,-160.8040E-03
+11.5300E-03,-321.6080E-03
+11.5400E-03,-281.4070E-03
+11.5500E-03,-321.6080E-03
+11.5600E-03,-321.6080E-03
+11.5700E-03,-321.6080E-03
+11.5800E-03,-361.8090E-03
+11.5900E-03,-422.1105E-03
+11.6000E-03,-402.0100E-03
+11.6100E-03,-402.0100E-03
+11.6200E-03,-361.8090E-03
+11.6300E-03,-482.4121E-03
+11.6400E-03,-402.0100E-03
+11.6500E-03,-562.8141E-03
+11.6600E-03,-522.6131E-03
+11.6700E-03,-562.8141E-03
+11.6800E-03,-482.4121E-03
+11.6900E-03,-562.8141E-03
+11.7000E-03,-522.6131E-03
+11.7100E-03,-562.8141E-03
+11.7200E-03,-643.2161E-03
+11.7300E-03,-582.9146E-03
+11.7400E-03,-522.6131E-03
+11.7500E-03,-582.9146E-03
+11.7600E-03,-562.8141E-03
+11.7700E-03,-502.5126E-03
+11.7800E-03,-603.0151E-03
+11.7900E-03,-542.7136E-03
+11.8000E-03,-562.8141E-03
+11.8100E-03,-582.9146E-03
+11.8200E-03,-562.8141E-03
+11.8300E-03,-542.7136E-03
+11.8400E-03,-562.8141E-03
+11.8500E-03,-582.9146E-03
+11.8600E-03,-562.8141E-03
+11.8700E-03,-542.7136E-03
+11.8800E-03,-482.4121E-03
+11.8900E-03,-482.4121E-03
+11.9000E-03,-482.4121E-03
+11.9100E-03,-402.0100E-03
+11.9200E-03,-402.0100E-03
+11.9300E-03,-402.0100E-03
+11.9400E-03,-402.0100E-03
+11.9500E-03,-402.0100E-03
+11.9600E-03,-402.0100E-03
+11.9700E-03,-321.6080E-03
+11.9800E-03,-361.8090E-03
+11.9900E-03,-321.6080E-03
+12.0000E-03,-321.6080E-03
+12.0100E-03,-281.4070E-03
+12.0200E-03,-281.4070E-03
+12.0300E-03,-160.8040E-03
+12.0400E-03,-321.6080E-03
+12.0500E-03,-160.8040E-03
+12.0600E-03,-160.8040E-03
+12.0700E-03,-160.8040E-03
+12.0800E-03,-160.8040E-03
+12.0900E-03,-80.4020E-03
+12.1000E-03,-80.4020E-03
+12.1100E-03,-80.4020E-03
+12.1200E-03,+0.0E+00
+12.1300E-03,-20.1005E-03
+12.1400E-03,+40.2010E-03
+12.1500E-03,+0.0E+00
+12.1600E-03,+0.0E+00
+12.1700E-03,+80.4020E-03
+12.1800E-03,+160.8040E-03
+12.1900E-03,+80.4020E-03
+12.2000E-03,+160.8040E-03
+12.2100E-03,+160.8040E-03
+12.2200E-03,+201.0050E-03
+12.2300E-03,+180.9045E-03
+12.2400E-03,+241.2060E-03
+12.2500E-03,+241.2060E-03
+12.2600E-03,+281.4070E-03
+12.2700E-03,+201.0050E-03
+12.2800E-03,+241.2060E-03
+12.2900E-03,+381.9095E-03
+12.3000E-03,+321.6080E-03
+12.3100E-03,+402.0100E-03
+12.3200E-03,+402.0100E-03
+12.3300E-03,+341.7085E-03
+12.3400E-03,+361.8090E-03
+12.3500E-03,+341.7085E-03
+12.3600E-03,+402.0100E-03
+12.3700E-03,+402.0100E-03
+12.3800E-03,+482.4121E-03
+12.3900E-03,+482.4121E-03
+12.4000E-03,+482.4121E-03
+12.4100E-03,+422.1105E-03
+12.4200E-03,+522.6131E-03
+12.4300E-03,+462.3116E-03
+12.4400E-03,+482.4121E-03
+12.4500E-03,+422.1105E-03
+12.4600E-03,+482.4121E-03
+12.4700E-03,+482.4121E-03
+12.4800E-03,+562.8141E-03
+12.4900E-03,+422.1105E-03
+12.5000E-03,+482.4121E-03
+12.5100E-03,+502.5126E-03
+12.5200E-03,+482.4121E-03
+12.5300E-03,+422.1105E-03
+12.5400E-03,+482.4121E-03
+12.5500E-03,+402.0100E-03
+12.5600E-03,+402.0100E-03
+12.5700E-03,+522.6131E-03
+12.5800E-03,+442.2111E-03
+12.5900E-03,+402.0100E-03
+12.6000E-03,+402.0100E-03
+12.6100E-03,+402.0100E-03
+12.6200E-03,+321.6080E-03
+12.6300E-03,+301.5075E-03
+12.6400E-03,+402.0100E-03
+12.6500E-03,+321.6080E-03
+12.6600E-03,+321.6080E-03
+12.6700E-03,+301.5075E-03
+12.6800E-03,+321.6080E-03
+12.6900E-03,+261.3065E-03
+12.7000E-03,+281.4070E-03
+12.7100E-03,+221.1055E-03
+12.7200E-03,+160.8040E-03
+12.7300E-03,+201.0050E-03
+12.7400E-03,+201.0050E-03
+12.7500E-03,+100.5025E-03
+12.7600E-03,+80.4020E-03
+12.7700E-03,+80.4020E-03
+12.7800E-03,+80.4020E-03
+12.7900E-03,+140.7035E-03
+12.8000E-03,+80.4020E-03
+12.8100E-03,+60.3015E-03
+12.8200E-03,+0.0E+00
+12.8300E-03,+20.1005E-03
+12.8400E-03,+0.0E+00
+12.8500E-03,-80.4020E-03
+12.8600E-03,-80.4020E-03
+12.8700E-03,-80.4020E-03
+12.8800E-03,-160.8040E-03
+12.8900E-03,-140.7035E-03
+12.9000E-03,-120.6030E-03
+12.9100E-03,-180.9045E-03
+12.9200E-03,-241.2060E-03
+12.9300E-03,-221.1055E-03
+12.9400E-03,-241.2060E-03
+12.9500E-03,-180.9045E-03
+12.9600E-03,-321.6080E-03
+12.9700E-03,-301.5075E-03
+12.9800E-03,-281.4070E-03
+12.9900E-03,-261.3065E-03
+13.0000E-03,-321.6080E-03
+13.0100E-03,-442.2111E-03
+13.0200E-03,-321.6080E-03
+13.0300E-03,-321.6080E-03
+13.0400E-03,-402.0100E-03
+13.0500E-03,-341.7085E-03
+13.0600E-03,-402.0100E-03
+13.0700E-03,-422.1105E-03
+13.0800E-03,-402.0100E-03
+13.0900E-03,-402.0100E-03
+13.1000E-03,-442.2111E-03
+13.1100E-03,-482.4121E-03
+13.1200E-03,-482.4121E-03
+13.1300E-03,-462.3116E-03
+13.1400E-03,-402.0100E-03
+13.1500E-03,-422.1105E-03
+13.1600E-03,-321.6080E-03
+13.1700E-03,-402.0100E-03
+13.1800E-03,-442.2111E-03
+13.1900E-03,-542.7136E-03
+13.2000E-03,-402.0100E-03
+13.2100E-03,-402.0100E-03
+13.2200E-03,-442.2111E-03
+13.2300E-03,-502.5126E-03
+13.2400E-03,-482.4121E-03
+13.2500E-03,-402.0100E-03
+13.2600E-03,-402.0100E-03
+13.2700E-03,-482.4121E-03
+13.2800E-03,-482.4121E-03
+13.2900E-03,-422.1105E-03
+13.3000E-03,-402.0100E-03
+13.3100E-03,-341.7085E-03
+13.3200E-03,-402.0100E-03
+13.3300E-03,-381.9095E-03
+13.3400E-03,-361.8090E-03
+13.3500E-03,-261.3065E-03
+13.3600E-03,-402.0100E-03
+13.3700E-03,-321.6080E-03
+13.3800E-03,-201.0050E-03
+13.3900E-03,-241.2060E-03
+13.4000E-03,-241.2060E-03
+13.4100E-03,-241.2060E-03
+13.4200E-03,-241.2060E-03
+13.4300E-03,-221.1055E-03
+13.4400E-03,-160.8040E-03
+13.4500E-03,-100.5025E-03
+13.4600E-03,-160.8040E-03
+13.4700E-03,-80.4020E-03
+13.4800E-03,-160.8040E-03
+13.4900E-03,-80.4020E-03
+13.5000E-03,-80.4020E-03
+13.5100E-03,-80.4020E-03
+13.5200E-03,-80.4020E-03
+13.5300E-03,+0.0E+00
+13.5400E-03,-40.2010E-03
+13.5500E-03,+20.1005E-03
+13.5600E-03,+80.4020E-03
+13.5700E-03,+80.4020E-03
+13.5800E-03,+40.2010E-03
+13.5900E-03,+80.4020E-03
+13.6000E-03,+80.4020E-03
+13.6100E-03,+160.8040E-03
+13.6200E-03,+201.0050E-03
+13.6300E-03,+100.5025E-03
+13.6400E-03,+160.8040E-03
+13.6500E-03,+120.6030E-03
+13.6600E-03,+201.0050E-03
+13.6700E-03,+241.2060E-03
+13.6800E-03,+241.2060E-03
+13.6900E-03,+261.3065E-03
+13.7000E-03,+241.2060E-03
+13.7100E-03,+241.2060E-03
+13.7200E-03,+321.6080E-03
+13.7300E-03,+301.5075E-03
+13.7400E-03,+321.6080E-03
+13.7500E-03,+321.6080E-03
+13.7600E-03,+321.6080E-03
+13.7700E-03,+321.6080E-03
+13.7800E-03,+321.6080E-03
+13.7900E-03,+381.9095E-03
+13.8000E-03,+321.6080E-03
+13.8100E-03,+341.7085E-03
+13.8200E-03,+361.8090E-03
+13.8300E-03,+442.2111E-03
+13.8400E-03,+321.6080E-03
+13.8500E-03,+381.9095E-03
+13.8600E-03,+402.0100E-03
+13.8700E-03,+462.3116E-03
+13.8800E-03,+321.6080E-03
+13.8900E-03,+402.0100E-03
+13.9000E-03,+361.8090E-03
+13.9100E-03,+321.6080E-03
+13.9200E-03,+321.6080E-03
+13.9300E-03,+321.6080E-03
+13.9400E-03,+361.8090E-03
+13.9500E-03,+341.7085E-03
+13.9600E-03,+402.0100E-03
+13.9700E-03,+341.7085E-03
+13.9800E-03,+361.8090E-03
+13.9900E-03,+261.3065E-03
+14.0000E-03,+321.6080E-03
+14.0100E-03,+321.6080E-03
+14.0200E-03,+281.4070E-03
+14.0300E-03,+321.6080E-03
+14.0400E-03,+321.6080E-03
+14.0500E-03,+301.5075E-03
+14.0600E-03,+160.8040E-03
+14.0700E-03,+221.1055E-03
+14.0800E-03,+241.2060E-03
+14.0900E-03,+180.9045E-03
+14.1000E-03,+160.8040E-03
+14.1100E-03,+180.9045E-03
+14.1200E-03,+160.8040E-03
+14.1300E-03,+160.8040E-03
+14.1400E-03,+201.0050E-03
+14.1500E-03,+140.7035E-03
+14.1600E-03,+80.4020E-03
+14.1700E-03,+140.7035E-03
+14.1800E-03,+80.4020E-03
+14.1900E-03,+60.3015E-03
+14.2000E-03,+0.0E+00
+14.2100E-03,+0.0E+00
+14.2200E-03,-40.2010E-03
+14.2300E-03,-80.4020E-03
+14.2400E-03,+0.0E+00
+14.2500E-03,-80.4020E-03
+14.2600E-03,-80.4020E-03
+14.2700E-03,-60.3015E-03
+14.2800E-03,-0.0E+00
+14.2900E-03,-20.1005E-03
+14.3000E-03,-120.6030E-03
+14.3100E-03,-80.4020E-03
+14.3200E-03,-160.8040E-03
+14.3300E-03,-140.7035E-03
+14.3400E-03,-160.8040E-03
+14.3500E-03,-221.1055E-03
+14.3600E-03,-321.6080E-03
+14.3700E-03,-221.1055E-03
+14.3800E-03,-201.0050E-03
+14.3900E-03,-241.2060E-03
+14.4000E-03,-241.2060E-03
+14.4100E-03,-261.3065E-03
+14.4200E-03,-241.2060E-03
+14.4300E-03,-321.6080E-03
+14.4400E-03,-321.6080E-03
+14.4500E-03,-301.5075E-03
+14.4600E-03,-321.6080E-03
+14.4700E-03,-321.6080E-03
+14.4800E-03,-321.6080E-03
+14.4900E-03,-281.4070E-03
+14.5000E-03,-361.8090E-03
+14.5100E-03,-402.0100E-03
+14.5200E-03,-321.6080E-03
+14.5300E-03,-321.6080E-03
+14.5400E-03,-361.8090E-03
+14.5500E-03,-381.9095E-03
+14.5600E-03,-402.0100E-03
+14.5700E-03,-381.9095E-03
+14.5800E-03,-361.8090E-03
+14.5900E-03,-321.6080E-03
+14.6000E-03,-321.6080E-03
+14.6100E-03,-321.6080E-03
+14.6200E-03,-321.6080E-03
+14.6300E-03,-341.7085E-03
+14.6400E-03,-321.6080E-03
+14.6500E-03,-341.7085E-03
+14.6600E-03,-361.8090E-03
+14.6700E-03,-402.0100E-03
+14.6800E-03,-321.6080E-03
+14.6900E-03,-301.5075E-03
+14.7000E-03,-321.6080E-03
+14.7100E-03,-261.3065E-03
+14.7200E-03,-321.6080E-03
+14.7300E-03,-321.6080E-03
+14.7400E-03,-241.2060E-03
+14.7500E-03,-221.1055E-03
+14.7600E-03,-241.2060E-03
+14.7700E-03,-241.2060E-03
+14.7800E-03,-241.2060E-03
+14.7900E-03,-241.2060E-03
+14.8000E-03,-241.2060E-03
+14.8100E-03,-160.8040E-03
+14.8200E-03,-160.8040E-03
+14.8300E-03,-80.4020E-03
+14.8400E-03,-80.4020E-03
+14.8500E-03,-160.8040E-03
+14.8600E-03,-160.8040E-03
+14.8700E-03,-80.4020E-03
+14.8800E-03,-160.8040E-03
+14.8900E-03,-80.4020E-03
+14.9000E-03,-80.4020E-03
+14.9100E-03,-40.2010E-03
+14.9200E-03,+0.0E+00
+14.9300E-03,+0.0E+00
+14.9400E-03,+0.0E+00
+14.9500E-03,+0.0E+00
+14.9600E-03,+0.0E+00
+14.9700E-03,+60.3015E-03
+14.9800E-03,+40.2010E-03
+14.9900E-03,+80.4020E-03
+15.0000E-03,+80.4020E-03
+15.0100E-03,+120.6030E-03
+15.0200E-03,+40.2010E-03
+15.0300E-03,+100.5025E-03
+15.0400E-03,+80.4020E-03
+15.0500E-03,+100.5025E-03
+15.0600E-03,+160.8040E-03
+15.0700E-03,+160.8040E-03
+15.0800E-03,+321.6080E-03
+15.0900E-03,+221.1055E-03
+15.1000E-03,+120.6030E-03
+15.1100E-03,+160.8040E-03
+15.1200E-03,+241.2060E-03
+15.1300E-03,+241.2060E-03
+15.1400E-03,+201.0050E-03
+15.1500E-03,+261.3065E-03
+15.1600E-03,+241.2060E-03
+15.1700E-03,+301.5075E-03
+15.1800E-03,+321.6080E-03
+15.1900E-03,+241.2060E-03
+15.2000E-03,+321.6080E-03
+15.2100E-03,+241.2060E-03
+15.2200E-03,+281.4070E-03
+15.2300E-03,+241.2060E-03
+15.2400E-03,+321.6080E-03
+15.2500E-03,+261.3065E-03
+15.2600E-03,+321.6080E-03
+15.2700E-03,+381.9095E-03
+15.2800E-03,+321.6080E-03
+15.2900E-03,+241.2060E-03
+15.3000E-03,+281.4070E-03
+15.3100E-03,+261.3065E-03
+15.3200E-03,+241.2060E-03
+15.3300E-03,+241.2060E-03
+15.3400E-03,+281.4070E-03
+15.3500E-03,+261.3065E-03
+15.3600E-03,+241.2060E-03
+15.3700E-03,+301.5075E-03
+15.3800E-03,+281.4070E-03
+15.3900E-03,+261.3065E-03
+15.4000E-03,+160.8040E-03
+15.4100E-03,+180.9045E-03
+15.4200E-03,+201.0050E-03
+15.4300E-03,+180.9045E-03
+15.4400E-03,+241.2060E-03
+15.4500E-03,+180.9045E-03
+15.4600E-03,+241.2060E-03
+15.4700E-03,+180.9045E-03
+15.4800E-03,+160.8040E-03
+15.4900E-03,+160.8040E-03
+15.5000E-03,+201.0050E-03
+15.5100E-03,+221.1055E-03
+15.5200E-03,+160.8040E-03
+15.5300E-03,+160.8040E-03
+15.5400E-03,+120.6030E-03
+15.5500E-03,+100.5025E-03
+15.5600E-03,+80.4020E-03
+15.5700E-03,+20.1005E-03
+15.5800E-03,+40.2010E-03
+15.5900E-03,+20.1005E-03
+15.6000E-03,+80.4020E-03
+15.6100E-03,+0.0E+00
+15.6200E-03,+0.0E+00
+15.6300E-03,+0.0E+00
+15.6400E-03,+0.0E+00
+15.6500E-03,-60.3015E-03
+15.6600E-03,-80.4020E-03
+15.6700E-03,-80.4020E-03
+15.6800E-03,-80.4020E-03
+15.6900E-03,-80.4020E-03
+15.7000E-03,-120.6030E-03
+15.7100E-03,-80.4020E-03
+15.7200E-03,-80.4020E-03
+15.7300E-03,-80.4020E-03
+15.7400E-03,-80.4020E-03
+15.7500E-03,-100.5025E-03
+15.7600E-03,-80.4020E-03
+15.7700E-03,-100.5025E-03
+15.7800E-03,-160.8040E-03
+15.7900E-03,-180.9045E-03
+15.8000E-03,-160.8040E-03
+15.8100E-03,-160.8040E-03
+15.8200E-03,-201.0050E-03
+15.8300E-03,-160.8040E-03
+15.8400E-03,-241.2060E-03
+15.8500E-03,-241.2060E-03
+15.8600E-03,-241.2060E-03
+15.8700E-03,-241.2060E-03
+15.8800E-03,-160.8040E-03
+15.8900E-03,-241.2060E-03
+15.9000E-03,-281.4070E-03
+15.9100E-03,-261.3065E-03
+15.9200E-03,-321.6080E-03
+15.9300E-03,-261.3065E-03
+15.9400E-03,-281.4070E-03
+15.9500E-03,-221.1055E-03
+15.9600E-03,-160.8040E-03
+15.9700E-03,-301.5075E-03
+15.9800E-03,-281.4070E-03
+15.9900E-03,-241.2060E-03
+16.0000E-03,-321.6080E-03
+16.0100E-03,-321.6080E-03
+16.0200E-03,-241.2060E-03
+16.0300E-03,-241.2060E-03
+16.0400E-03,-321.6080E-03
+16.0500E-03,-301.5075E-03
+16.0600E-03,-201.0050E-03
+16.0700E-03,-321.6080E-03
+16.0800E-03,-241.2060E-03
+16.0900E-03,-241.2060E-03
+16.1000E-03,-321.6080E-03
+16.1100E-03,-241.2060E-03
+16.1200E-03,-160.8040E-03
+16.1300E-03,-221.1055E-03
+16.1400E-03,-201.0050E-03
+16.1500E-03,-261.3065E-03
+16.1600E-03,-241.2060E-03
+16.1700E-03,-100.5025E-03
+16.1800E-03,-160.8040E-03
+16.1900E-03,-160.8040E-03
+16.2000E-03,-160.8040E-03
+16.2100E-03,-160.8040E-03
+16.2200E-03,-120.6030E-03
+16.2300E-03,-40.2010E-03
+16.2400E-03,-160.8040E-03
+16.2500E-03,-160.8040E-03
+16.2600E-03,-120.6030E-03
+16.2700E-03,-120.6030E-03
+16.2800E-03,-80.4020E-03
+16.2900E-03,-80.4020E-03
+16.3000E-03,-120.6030E-03
+16.3100E-03,+40.2010E-03
+16.3200E-03,-80.4020E-03
+16.3300E-03,-60.3015E-03
+16.3400E-03,+0.0E+00
+16.3500E-03,-60.3015E-03
+16.3600E-03,+80.4020E-03
+16.3700E-03,+0.0E+00
+16.3800E-03,-0.0E+00
+16.3900E-03,+60.3015E-03
+16.4000E-03,+80.4020E-03
+16.4100E-03,+120.6030E-03
+16.4200E-03,+40.2010E-03
+16.4300E-03,+20.1005E-03
+16.4400E-03,+0.0E+00
+16.4500E-03,+160.8040E-03
+16.4600E-03,+160.8040E-03
+16.4700E-03,+100.5025E-03
+16.4800E-03,+80.4020E-03
+16.4900E-03,+80.4020E-03
+16.5000E-03,+120.6030E-03
+16.5100E-03,+100.5025E-03
+16.5200E-03,+241.2060E-03
+16.5300E-03,+160.8040E-03
+16.5400E-03,+201.0050E-03
+16.5500E-03,+120.6030E-03
+16.5600E-03,+160.8040E-03
+16.5700E-03,+180.9045E-03
+16.5800E-03,+241.2060E-03
+16.5900E-03,+160.8040E-03
+16.6000E-03,+160.8040E-03
+16.6100E-03,+241.2060E-03
+16.6200E-03,+160.8040E-03
+16.6300E-03,+241.2060E-03
+16.6400E-03,+241.2060E-03
+16.6500E-03,+221.1055E-03
+16.6600E-03,+201.0050E-03
+16.6700E-03,+301.5075E-03
+16.6800E-03,+160.8040E-03
+16.6900E-03,+201.0050E-03
+16.7000E-03,+201.0050E-03
+16.7100E-03,+241.2060E-03
+16.7200E-03,+160.8040E-03
+16.7300E-03,+180.9045E-03
+16.7400E-03,+241.2060E-03
+16.7500E-03,+221.1055E-03
+16.7600E-03,+241.2060E-03
+16.7700E-03,+180.9045E-03
+16.7800E-03,+201.0050E-03
+16.7900E-03,+160.8040E-03
+16.8000E-03,+241.2060E-03
+16.8100E-03,+221.1055E-03
+16.8200E-03,+160.8040E-03
+16.8300E-03,+241.2060E-03
+16.8400E-03,+160.8040E-03
+16.8500E-03,+180.9045E-03
+16.8600E-03,+120.6030E-03
+16.8700E-03,+140.7035E-03
+16.8800E-03,+160.8040E-03
+16.8900E-03,+221.1055E-03
+16.9000E-03,+160.8040E-03
+16.9100E-03,+100.5025E-03
+16.9200E-03,+160.8040E-03
+16.9300E-03,+80.4020E-03
+16.9400E-03,+80.4020E-03
+16.9500E-03,+140.7035E-03
+16.9600E-03,+80.4020E-03
+16.9700E-03,+140.7035E-03
+16.9800E-03,+80.4020E-03
+16.9900E-03,+20.1005E-03
+17.0000E-03,+80.4020E-03
+17.0100E-03,+60.3015E-03
+17.0200E-03,+80.4020E-03
+17.0300E-03,+0.0E+00
+17.0400E-03,-80.4020E-03
+17.0500E-03,+60.3015E-03
+17.0600E-03,-40.2010E-03
+17.0700E-03,+0.0E+00
+17.0800E-03,+0.0E+00
+17.0900E-03,-120.6030E-03
+17.1000E-03,-40.2010E-03
+17.1100E-03,-60.3015E-03
+17.1200E-03,-80.4020E-03
+17.1300E-03,-80.4020E-03
+17.1400E-03,-80.4020E-03
+17.1500E-03,-80.4020E-03
+17.1600E-03,-80.4020E-03
+17.1700E-03,-120.6030E-03
+17.1800E-03,-80.4020E-03
+17.1900E-03,-160.8040E-03
+17.2000E-03,-160.8040E-03
+17.2100E-03,-80.4020E-03
+17.2200E-03,-160.8040E-03
+17.2300E-03,-160.8040E-03
+17.2400E-03,-241.2060E-03
+17.2500E-03,-241.2060E-03
+17.2600E-03,-160.8040E-03
+17.2700E-03,-160.8040E-03
+17.2800E-03,-160.8040E-03
+17.2900E-03,-160.8040E-03
+17.3000E-03,-201.0050E-03
+17.3100E-03,-281.4070E-03
+17.3200E-03,-160.8040E-03
+17.3300E-03,-180.9045E-03
+17.3400E-03,-201.0050E-03
+17.3500E-03,-221.1055E-03
+17.3600E-03,-241.2060E-03
+17.3700E-03,-241.2060E-03
+17.3800E-03,-160.8040E-03
+17.3900E-03,-221.1055E-03
+17.4000E-03,-241.2060E-03
+17.4100E-03,-201.0050E-03
+17.4200E-03,-201.0050E-03
+17.4300E-03,-221.1055E-03
+17.4400E-03,-241.2060E-03
+17.4500E-03,-180.9045E-03
+17.4600E-03,-201.0050E-03
+17.4700E-03,-221.1055E-03
+17.4800E-03,-160.8040E-03
+17.4900E-03,-221.1055E-03
+17.5000E-03,-241.2060E-03
+17.5100E-03,-180.9045E-03
+17.5200E-03,-241.2060E-03
+17.5300E-03,-180.9045E-03
+17.5400E-03,-201.0050E-03
+17.5500E-03,-160.8040E-03
+17.5600E-03,-160.8040E-03
+17.5700E-03,-160.8040E-03
+17.5800E-03,-160.8040E-03
+17.5900E-03,-160.8040E-03
+17.6000E-03,-160.8040E-03
+17.6100E-03,-140.7035E-03
+17.6200E-03,-120.6030E-03
+17.6300E-03,-140.7035E-03
+17.6400E-03,-80.4020E-03
+17.6500E-03,-140.7035E-03
+17.6600E-03,-40.2010E-03
+17.6700E-03,-100.5025E-03
+17.6800E-03,-160.8040E-03
+17.6900E-03,-20.1005E-03
+17.7000E-03,-40.2010E-03
+17.7100E-03,-80.4020E-03
+17.7200E-03,+80.4020E-03
+17.7300E-03,-60.3015E-03
+17.7400E-03,-40.2010E-03
+17.7500E-03,-40.2010E-03
+17.7600E-03,+0.0E+00
+17.7700E-03,-20.1005E-03
+17.7800E-03,+0.0E+00
+17.7900E-03,+0.0E+00
+17.8000E-03,-80.4020E-03
+17.8100E-03,+20.1005E-03
+17.8200E-03,+0.0E+00
+17.8300E-03,+60.3015E-03
+17.8400E-03,+0.0E+00
+17.8500E-03,+60.3015E-03
+17.8600E-03,+80.4020E-03
+17.8700E-03,+80.4020E-03
+17.8800E-03,+160.8040E-03
+17.8900E-03,+80.4020E-03
+17.9000E-03,+120.6030E-03
+17.9100E-03,+140.7035E-03
+17.9200E-03,+80.4020E-03
+17.9300E-03,+160.8040E-03
+17.9400E-03,+120.6030E-03
+17.9500E-03,+80.4020E-03
+17.9600E-03,+241.2060E-03
+17.9700E-03,+120.6030E-03
+17.9800E-03,+120.6030E-03
+17.9900E-03,+221.1055E-03
